创意ID,创意名称,创意状态,创意审核状态,广告类型,推广目标,创意类型,笔记/素材ID,作者ID,笔记类型,商品ID,计划名称,计划ID,创意创建时间,消费,展现量,点击量,点击率,平均点击成本,平均千次展示费用,直播间观看次数,直播间观看成本,直播间平均停留时长,直播间新增粉丝数量,直播间5s观看次数,直播间5s观看成本,直播间评论次数,直播间30s观看次数,直播间30s观看成本,7日总商品访客量,7日总商品访客成本,7日总商品加购量,7日总商品加购成本,7日总下单订单量,7日总下单订单成本,7日总下单金额,7日总下单ROI,7日总支付订单量,7日总支付订单成本,7日总支付金额,7日总支付ROI,直播间直接下单订单量,直播间直接下单订单成本,直播间直接下单金额,直播间直接下单ROI,直播间直接支付订单量,直播间直接支付订单成本,直播间直接支付金额,直播间直接支付ROI,店铺新客商品访问量,店铺新客支付订单量,店铺新客支付金额
-,合计277条记录,-,-,-,-,-,-,-,-,-,-,-,-,152.29,3283,96,2.92%,1.59,46.39,0,0.00,0.0,0,0,0.0,0,0,0.0,42,3.63,10,15.23,2,76.15,298.0,1.96,2,76.15,298.0,1.96,0,0.0,0.0,0.0,0,0.0,0.00,0.0,38,2,298.0
4423723703,商销通投托管-粉底液-自产-聚拢又隐形-品牌人群-ROI-4.18,被计划暂停,审核通过,通投,商品7日总支付ROI,笔记（商品组件）,69e207b2000000001e00c96a,5c6e75ba000000001201be11,视频笔记,6789ee790a6fff001550a3cf,商销通投托管-粉底液-自产-聚拢又隐形-品牌人群-ROI-4.18,187119616,2026-04-18 20:59:49,0.00,0,0,0.0%,0.0,0.0,0,0.00,0.0,0,0,0.0,0,0,0.0,0,0.0,0,0.0,0,0.0,0,0.0,0,0.0,0,0.0,0,0.0,0,0.0,0,0.0,0.00,0.0,0,0,0
4404630182,商销通投托管-小时光-自产-就爱上-细节装饰（36+）-ROI-4.17,被计划暂停,审核通过,通投,商品7日总支付ROI,笔记（商品组件）,69e0a58c000000001e00e633,5c6e75ba000000001201be11,视频笔记,699e73edd5afea000119064a,商销通投托管-小时光-自产-就爱上-细节装饰（36+）-ROI-4.17,186696928,2026-04-17 09:21:11,0.00,0,0,0.0%,0.0,0.0,0,0.00,0.0,0,0,0.0,0,0,0.0,0,0.0,0,0.0,0,0.0,0.0,0.0,0,0.0,0.0,0.0,0,0.0,0.0,0.0,0,0.0,0.00,0.0,0,0,0.0
4394013685,商销通投托管-救星杯-自产-内衣太懂了-细节装饰（36+）-ROI-4.16,被计划暂停,审核拒绝,通投,商品7日总支付ROI,笔记（商品组件）,69cf1a140000000028009b6e,5c6e75ba000000001201be11,视频笔记,68778665417c3f00015c6097,商销通投托管-救星杯-自产-内衣太懂了-细节装饰（36+）-ROI-4.16,186479000,2026-04-16 12:59:57,0.00,0,0,0.0%,0.0,0.0,0,0.00,0.0,0,0,0.0,0,0,0.0,0,0.0,0,0.0,0,0.0,0,0.0,0,0.0,0,0.0,0,0.0,0,0.0,0,0.0,0.00,0.0,0,0,0
4393668647,商销通投托管-波波杯-自产-很曼妙（广）-细节装饰（36+）-ROI-4.16,被计划暂停,审核通过,通投,商品7日总支付ROI,笔记（商品组件）,69ddb4dd000000001b002b1f,5c6e75ba000000001201be11,视频笔记,68cd243934db2a00017574e0,商销通投托管-波波杯-自产-很曼妙（广）-细节装饰（36+）-ROI-4.16,186473027,2026-04-16 12:05:23,0.00,0,0,0.0%,0.0,0.0,0,0.00,0.0,0,0,0.0,0,0,0.0,0,0.0,0,0.0,0,0.0,0,0.0,0,0.0,0,0.0,0,0.0,0,0.0,0,0.0,0.00,0.0,0,0,0
4356651076,商销通投托管-救星杯-自产-给到一个夯-细节装饰（36+）-ROI-4.13,被计划暂停,审核拒绝,通投,商品7日总支付ROI,笔记（商品组件）,69dc875d000000002301e647,5c6e75ba000000001201be11,视频笔记,68778665417c3f00015c6097,商销通投托管-救星杯-自产-给到一个夯-细节装饰（36+）-ROI-4.13,185715647,2026-04-13 14:14:45,0.00,0,0,0.0%,0.0,0.0,0,0.00,0.0,0,0,0.0,0,0,0.0,0,0.0,0,0.0,0,0.0,0,0.0,0,0.0,0,0.0,0,0.0,0,0.0,0,0.0,0.00,0.0,0,0,0
4356301389,商销通投托管-救星杯-自产-夯爆了（广）-品牌人群-ROI-4.13,被计划暂停,审核通过,通投,商品7日总支付ROI,笔记（商品组件）,69dc839e00000000210136b7,5c6e75ba000000001201be11,视频笔记,687786bc4f80eb0001752b4a,商销通投托管-救星杯-自产-夯爆了（广）-品牌人群-ROI-4.13,185708880,2026-04-13 13:56:49,0.00,0,0,0.0%,0.0,0.0,0,0.00,0.0,0,0,0.0,0,0,0.0,0,0.0,0,0.0,0,0.0,0,0.0,0,0.0,0,0.0,0,0.0,0,0.0,0,0.0,0.00,0.0,0,0,0
4292998997,商销通投托管-救星杯-自产-跟着小美穿（广）-品牌人群-ROI-4.8,被计划暂停,审核通过,通投,商品7日总支付ROI,笔记（商品组件）,69cf5d55000000001d01d697,5c6e75ba000000001201be11,视频笔记,687786bc4f80eb0001752b4a,商销通投托管-救星杯-自产-跟着小美穿（广）-品牌人群-ROI-4.8,184635427,2026-04-08 09:50:50,0.00,0,0,0.0%,0.0,0.0,0,0.00,0.0,0,0,0.0,0,0,0.0,0,0.0,0,0.0,0,0.0,0,0.0,0,0.0,0,0.0,0,0.0,0,0.0,0,0.0,0.00,0.0,0,0,0
4214905000,商销通投托管-经典大胸-转载-真的显瘦-品牌人群-ROI-2026.4.1,有效,审核通过,通投,商品7日总下单ROI,笔记（商品组件）,68d0f18e000000001101dccf,5c6e75ba000000001201be11,视频笔记,6789edbc2b5554001514e8f8,商销通投托管-经典大胸-转载-真的显瘦-品牌人群-ROI-2026.4.1,183514801,2026-04-01 13:57:15,24.37,643,15,2.33%,1.62,37.9,0,0.00,0.0,0,0,0.0,0,0,0.0,11,2.22,3,8.12,0,0.0,0.0,0.0,0,0.0,0.0,0.0,0,0.0,0.0,0.0,0,0.0,0.00,0.0,9,0,0.0
4155632202,商销通投托管-救星杯-自产-跪谢美依礼芽-品牌人群-ROI-3.27,被计划暂停,审核通过,通投,商品7日总支付ROI,笔记（商品组件）,69b3c573000000002301ff82,5c6e75ba000000001201be11,视频笔记,68778665417c3f00015c6097,商销通投托管-救星杯-自产-跪谢美依礼芽-品牌人群-ROI-3.27,182619737,2026-03-27 11:02:37,0.00,0,0,0.0%,0.0,0.0,0,0.00,0.0,0,0,0.0,0,0,0.0,0,0.0,0,0.0,0,0.0,0,0.0,0,0.0,0,0.0,0,0.0,0,0.0,0,0.0,0.00,0.0,0,0,0
4155772661,商销通投托管-经典大胸-自产-谁说大胸-品牌人群-ROI-3.27,被计划暂停,审核通过,通投,商品7日总支付ROI,笔记（商品组件）,6971a091000000001a02d168,5c6e75ba000000001201be11,视频笔记,6789edbc2b5554001514e8f8,商销通投托管-经典大胸-自产-谁说大胸-品牌人群-ROI-3.27,182619681,2026-03-27 11:01:09,0.00,0,0,0.0%,0.0,0.0,0,0.00,0.0,0,0,0.0,0,0,0.0,0,0.0,0,0.0,0,0.0,0,0.0,0,0.0,0,0.0,0,0.0,0,0.0,0,0.0,0.00,0.0,0,0,0
4155620830,商销通投托管-波波杯-混剪-秋冬不显胖-品牌人群-ROI-3.27,被计划暂停,不满足审核条件,通投,商品7日总支付ROI,笔记（商品组件）,69152dac0000000005039afc,5c6e75ba000000001201be11,视频笔记,68cd243934db2a00017574e0,商销通投托管-波波杯-混剪-秋冬不显胖-品牌人群-ROI-3.27,182604731,2026-03-27 10:56:02,0.00,0,0,0.0%,0.0,0.0,0,0.00,0.0,0,0,0.0,0,0,0.0,0,0.0,0,0.0,0,0.0,0,0.0,0,0.0,0,0.0,0,0.0,0,0.0,0,0.0,0.00,0.0,0,0,0
4155548782,商销通投托管-救星杯-自产-跟着小美穿-品牌人群-ROI-3.27,被计划暂停,审核拒绝,通投,商品7日总支付ROI,笔记（商品组件）,69c4f54c000000001f0053d8,5c6e75ba000000001201be11,视频笔记,68778665417c3f00015c6097,商销通投托管-救星杯-自产-跟着小美穿-品牌人群-ROI-3.27,182610167,2026-03-27 10:47:43,0.00,0,0,0.0%,0.0,0.0,0,0.00,0.0,0,0,0.0,0,0,0.0,0,0.0,0,0.0,0,0.0,0,0.0,0,0.0,0,0.0,0,0.0,0,0.0,0,0.0,0.00,0.0,0,0,0
4155527693,商销通投托管-波波杯-自产-美依礼芽爆款-品牌人群-ROI-3.27,被计划暂停,审核通过,通投,商品7日总支付ROI,笔记（商品组件）,69c4f796000000002800b278,5c6e75ba000000001201be11,视频笔记,68cd243934db2a00017574e0,商销通投托管-波波杯-自产-美依礼芽爆款-品牌人群-ROI-3.27,182603665,2026-03-27 10:37:42,0.00,0,0,0.0%,0.0,0.0,0,0.00,0.0,0,0,0.0,0,0,0.0,0,0.0,0,0.0,0,0.0,0,0.0,0,0.0,0,0.0,0,0.0,0,0.0,0,0.0,0.00,0.0,0,0,0
4132840962,商销通投托管-救星杯-混剪-穿出蜜桃胸-品牌人群-ROI-3.25,有效,审核通过,通投,商品7日总支付ROI,笔记（商品组件）,69bbc10c00000000230060e4,5c6e75ba000000001201be11,视频笔记,68778665417c3f00015c6097,商销通投托管-救星杯-混剪-穿出蜜桃胸-品牌人群-ROI-3.25,182168259,2026-03-25 10:01:54,12.47,265,7,2.64%,1.78,47.06,0,0.00,0.0,0,0,0.0,0,0,0.0,3,4.16,1,12.47,0,0.0,0.0,0.0,0,0.0,0.0,0.0,0,0.0,0.0,0.0,0,0.0,0.00,0.0,2,0,0.0
4113336146,商销通投托管-经典大胸-混剪-春夏穿衣-细节装饰（36+）-ROI-3.23,被计划暂停,审核通过,通投,商品7日总支付ROI,笔记（商品组件）,69aaa199000000000e00e650,5c6e75ba000000001201be11,视频笔记,6789edbc2b5554001514e8f8,商销通投托管-经典大胸-混剪-春夏穿衣-细节装饰（36+）-ROI-3.23,181787463,2026-03-23 15:08:59,0.00,0,0,0.0%,0.0,0.0,0,0.00,0.0,0,0,0.0,0,0,0.0,0,0.0,0,0.0,0,0.0,0,0.0,0,0.0,0,0.0,0,0.0,0,0.0,0,0.0,0.00,0.0,0,0,0
4083264722,商销通投托管-糯糯杯小胸-混剪-不硬挤-细节装饰（36+）-ROI-3.20,被计划暂停,审核通过,通投,商品7日总支付ROI,笔记（商品组件）,69bce985000000002102f0ac,5c6e75ba000000001201be11,视频笔记,6789edff6dd9a600157bdae8,商销通投托管-糯糯杯小胸-混剪-不硬挤-细节装饰（36+）-ROI-3.20,181328316,2026-03-20 15:41:03,0.00,0,0,0.0%,0.0,0.0,0,0.00,0.0,0,0,0.0,0,0,0.0,0,0.0,0,0.0,0,0.0,0,0.0,0,0.0,0,0.0,0,0.0,0,0.0,0,0.0,0.00,0.0,0,0,0
4083195177,商销通投托管-波波杯-混剪-大胸天菜-细节装饰（36+）-ROI-3.20,被计划暂停,审核通过,通投,商品7日总支付ROI,笔记（商品组件）,69bcacb2000000001f007455,5c6e75ba000000001201be11,视频笔记,68cd243934db2a00017574e0,商销通投托管-波波杯-混剪-大胸天菜-细节装饰（36+）-ROI-3.20,181316327,2026-03-20 15:27:17,0.00,0,0,0.0%,0.0,0.0,0,0.00,0.0,0,0,0.0,0,0,0.0,0,0.0,0,0.0,0,0.0,0,0.0,0,0.0,0,0.0,0,0.0,0,0.0,0,0.0,0.00,0.0,0,0,0
4073224610,商销通投托管-救星杯-混剪-穿出蜜桃胸-细节装饰（36+）-ROI-3.19,被计划暂停,审核拒绝,通投,商品7日总支付ROI,笔记（商品组件）,69bbc10c00000000230060e4,5c6e75ba000000001201be11,视频笔记,68778665417c3f00015c6097,商销通投托管-救星杯-混剪-穿出蜜桃胸-细节装饰（36+）-ROI-3.19,181112649,2026-03-19 17:59:16,0.00,0,0,0.0%,0.0,0.0,0,0.00,0.0,0,0,0.0,0,0,0.0,0,0.0,0,0.0,0,0.0,0,0.0,0,0.0,0,0.0,0,0.0,0,0.0,0,0.0,0.00,0.0,0,0,0
4067795182,商销通投托管-救星杯-混剪-穿衣不臃肿-品牌人群-ROI-3.19,被计划暂停,审核通过,通投,商品7日总下单ROI,笔记（商品组件）,6985a2ca000000001a031605,5c6e75ba000000001201be11,视频笔记,68778665417c3f00015c6097,商销通投托管-救星杯-混剪-穿衣不臃肿-品牌人群-ROI-3.19,180944083,2026-03-19 09:52:18,0.00,0,0,0.0%,0.0,0.0,0,0.00,0.0,0,0,0.0,0,0,0.0,0,0.0,0,0.0,0,0.0,0,0.0,0,0.0,0,0.0,0,0.0,0,0.0,0,0.0,0.00,0.0,0,0,0
4060100065,商销通投托管-小懒猫-自产-秋冬舒适无痕-系统-ROI-3.18,有效,审核通过,通投,商品7日总支付ROI,笔记（商品组件）,690dc37c000000000400187b,5c6e75ba000000001201be11,视频笔记,68d23b3a3f37a900012597a2,商销通投托管-小懒猫-自产-秋冬舒适无痕-系统-ROI-3.18,180778350,2026-03-18 15:20:08,4.15,25,0,0.0%,0.0,166.0,0,0.00,0.0,0,0,0.0,0,0,0.0,0,0.0,0,0.0,0,0.0,0.0,0.0,0,0.0,0.0,0.0,0,0.0,0.0,0.0,0,0.0,0.00,0.0,0,0,0.0
4048853040,商销通投托管-绵绵云朵-达人-Miu Y-细节装饰（36+）-ROI-3.17,被计划暂停,审核通过,通投,商品7日总支付ROI,笔记（商品组件）,69a29d3a000000001a01e139,5e47e3ee0000000001003b30,图文笔记,69a8db2c7d0ce00001322526,商销通投托管-绵绵云朵-达人-Miu Y-细节装饰（36+）-ROI-3.17,180507674,2026-03-17 14:27:30,0.00,0,0,0.0%,0.0,0.0,0,0.00,0.0,0,0,0.0,0,0,0.0,0,0.0,0,0.0,0,0.0,0,0.0,0,0.0,0,0.0,0,0.0,0,0.0,0,0.0,0.00,0.0,0,0,0
4048681119,商销通投托管-绵绵云朵-达人-KarBlure-细节装饰（36+）-ROI-3.17,被计划暂停,审核通过,通投,商品7日总支付ROI,笔记（商品组件）,69aa8f070000000028008fd5,56125a3633f60c04e91f5886,图文笔记,69a8db2c7d0ce00001322526,商销通投托管-绵绵云朵-达人-KarBlure-细节装饰（36+）-ROI-3.17,180501913,2026-03-17 14:25:34,0.00,0,0,0.0%,0.0,0.0,0,0.00,0.0,0,0,0.0,0,0,0.0,0,0.0,0,0.0,0,0.0,0,0.0,0,0.0,0,0.0,0,0.0,0,0.0,0,0.0,0.00,0.0,0,0,0
4048721946,商销通投托管-绵绵云朵-达人-KikoWong-细节装饰（36+）-ROI-3.17,被计划暂停,审核通过,通投,商品7日总支付ROI,笔记（商品组件）,699d19cc000000000a03e694,5bff8fec000000000700896f,图文笔记,69a8db2c7d0ce00001322526,商销通投托管-绵绵云朵-达人-KikoWong-细节装饰（36+）-ROI-3.17,180498014,2026-03-17 14:21:17,0.00,0,0,0.0%,0.0,0.0,0,0.00,0.0,0,0,0.0,0,0,0.0,0,0.0,0,0.0,0,0.0,0,0.0,0,0.0,0,0.0,0,0.0,0,0.0,0,0.0,0.00,0.0,0,0,0
4010502415,商销通投托管-救星杯-自产-跪谢美依礼芽-细节装饰（36+）-ROI-3.13,被计划暂停,审核通过,通投,商品7日总支付ROI,笔记（商品组件）,69b3c573000000002301ff82,5c6e75ba000000001201be11,视频笔记,68778665417c3f00015c6097,商销通投托管-救星杯-自产-跪谢美依礼芽-细节装饰（36+）-ROI-3.13,179797972,2026-03-13 16:29:26,0.00,0,0,0.0%,0.0,0.0,0,0.00,0.0,0,0,0.0,0,0,0.0,0,0.0,0,0.0,0,0.0,0,0.0,0,0.0,0,0.0,0,0.0,0,0.0,0,0.0,0.00,0.0,0,0,0
3985368042,商销通投托管-小懒猫-自产-秋冬舒适无痕-灵犀AIPS人群-ROI-3.11,有效,审核通过,通投,商品7日总支付ROI,笔记（商品组件）,690dc37c000000000400187b,5c6e75ba000000001201be11,视频笔记,68d23b3a3f37a900012597a2,商销通投托管-小懒猫-自产-秋冬舒适无痕-灵犀AIPS人群-ROI-3.11,179242852,2026-03-11 10:27:54,18.07,63,2,3.17%,9.04,286.83,0,0.00,0.0,0,0,0.0,0,0,0.0,1,18.07,0,0.0,0,0.0,0.0,0.0,0,0.0,0.0,0.0,0,0.0,0.0,0.0,0,0.0,0.00,0.0,1,0,0.0
3985159235,商销通投托管-经典大胸-自产-嘎嘎显瘦-细节装饰（36+）-ROI-3.11,被计划暂停,审核通过,通投,商品7日总支付ROI,笔记（商品组件）,698d9110000000000e00e7e4,5c6e75ba000000001201be11,视频笔记,6789edbc2b5554001514e8f8,商销通投托管-经典大胸-自产-嘎嘎显瘦-细节装饰（36+）-ROI-3.11,179242636,2026-03-11 10:23:46,0.00,0,0,0.0%,0.0,0.0,0,0.00,0.0,0,0,0.0,0,0,0.0,0,0.0,0,0.0,0,0.0,0,0.0,0,0.0,0,0.0,0,0.0,0,0.0,0,0.0,0.00,0.0,0,0,0
3985157210,商销通投托管-波波杯-自产-纤薄利落-细节装饰（36+）-ROI-3.11,被计划暂停,审核通过,通投,商品7日总支付ROI,笔记（商品组件）,69a926c4000000000e00ef23,5c6e75ba000000001201be11,视频笔记,68cd243934db2a00017574e0,商销通投托管-波波杯-自产-纤薄利落-细节装饰（36+）-ROI-3.11,179258270,2026-03-11 10:22:35,0.00,0,0,0.0%,0.0,0.0,0,0.00,0.0,0,0,0.0,0,0,0.0,0,0.0,0,0.0,0,0.0,0,0.0,0,0.0,0,0.0,0,0.0,0,0.0,0,0.0,0.00,0.0,0,0,0
3942003259,商销通投托管-经典大胸-混剪-春夏穿衣-品牌人群-ROI-3.6,被计划暂停,审核通过,通投,商品7日总支付ROI,笔记（商品组件）,69aaa199000000000e00e650,5c6e75ba000000001201be11,视频笔记,6789edbc2b5554001514e8f8,商销通投托管-经典大胸-混剪-春夏穿衣-品牌人群-ROI-3.6,178378351,2026-03-06 18:09:18,0.00,0,0,0.0%,0.0,0.0,0,0.00,0.0,0,0,0.0,0,0,0.0,0,0.0,0,0.0,0,0.0,0,0.0,0,0.0,0,0.0,0,0.0,0,0.0,0,0.0,0.00,0.0,0,0,0
3941186043,商销通投托管-经典大胸-自产-舒适高颜值-品牌人群-ROI-3.6,有效,审核通过,通投,商品7日总支付ROI,笔记（商品组件）,6971eeec000000001a026b20,5c6e75ba000000001201be11,视频笔记,6789edbc2b5554001514e8f8,商销通投托管-经典大胸-自产-舒适高颜值-品牌人群-ROI-3.6,178342819,2026-03-06 17:01:38,3.06,265,13,4.91%,0.24,11.55,0,0.00,0.0,0,0,0.0,0,0,0.0,0,0.0,0,0.0,0,0.0,0.0,0.0,0,0.0,0.0,0.0,0,0.0,0.0,0.0,0,0.0,0.00,0.0,0,0,0.0
3941126325,商销通投托管-合集-混剪-所有胸型躺赢-品牌人群-ROI-2026.3.6,被计划暂停,审核通过,通投,商品7日总支付ROI,笔记（商品组件）,692e52b8000000001f00afb0,5c6e75ba000000001201be11,图文笔记,"6878c9284f80eb00018a69fb,6789edff6dd9a600157bdae8,68cd243934db2a00017574e0",商销通投托管-合集-混剪-所有胸型躺赢-品牌人群-ROI-2026.3.6,178348545,2026-03-06 16:59:50,0.00,0,0,0.0%,0.0,0.0,0,0.00,0.0,0,0,0.0,0,0,0.0,0,0.0,0,0.0,0,0.0,0,0.0,0,0.0,0,0.0,0,0.0,0,0.0,0,0.0,0.00,0.0,0,0,0
3929283628,商销通投托管-波波杯-自产-纤薄利落-品牌人群-ROI-3.5,被计划暂停,审核通过,通投,商品7日总支付ROI,笔记（商品组件）,69a926c4000000000e00ef23,5c6e75ba000000001201be11,视频笔记,68cd243934db2a00017574e0,商销通投托管-波波杯-自产-纤薄利落-品牌人群-ROI-3.5,178028954,2026-03-05 14:56:35,0.00,0,0,0.0%,0.0,0.0,0,0.00,0.0,0,0,0.0,0,0,0.0,0,0.0,0,0.0,0,0.0,0,0.0,0,0.0,0,0.0,0,0.0,0,0.0,0,0.0,0.00,0.0,0,0,0
3929004973,商销通投托管-救星杯-自产-空气感春夏-品牌人群-ROI-3.5,被计划暂停,审核拒绝,通投,商品7日总支付ROI,笔记（商品组件）,69a92330000000000e00df32,5c6e75ba000000001201be11,视频笔记,68778665417c3f00015c6097,商销通投托管-救星杯-自产-空气感春夏-品牌人群-ROI-3.5,178006254,2026-03-05 14:41:33,0.00,0,0,0.0%,0.0,0.0,0,0.00,0.0,0,0,0.0,0,0,0.0,0,0.0,0,0.0,0,0.0,0,0.0,0,0.0,0,0.0,0,0.0,0,0.0,0,0.0,0.00,0.0,0,0,0
3897283322,商销通投托管-小懒猫-自产-秋冬舒适无痕-品牌人群-ROI-3.2,有效,审核通过,通投,商品7日总支付ROI,笔记（商品组件）,690dc37c000000000400187b,5c6e75ba000000001201be11,视频笔记,68d23b3a3f37a900012597a2,商销通投托管-小懒猫-自产-秋冬舒适无痕-品牌人群-ROI-3.2,177251703,2026-03-02 10:09:30,17.27,107,4,3.74%,4.32,161.4,0,0.00,0.0,0,0,0.0,0,0,0.0,1,17.27,0,0.0,0,0.0,0.0,0.0,0,0.0,0.0,0.0,0,0.0,0.0,0.0,0,0.0,0.00,0.0,1,0,0.0
3882957002,商销通投托管-经典大胸-自产-虎背熊腰拜拜-品牌人群-ROI-2.28,被计划暂停,审核通过,通投,商品7日总下单ROI,笔记（商品组件）,696896d8000000001a02752c,5c6e75ba000000001201be11,视频笔记,6789edbc2b5554001514e8f8,商销通投托管-经典大胸-自产-虎背熊腰拜拜-品牌人群-ROI-2.28,177021882,2026-02-28 15:08:54,0.00,0,0,0.0%,0.0,0.0,0,0.00,0.0,0,0,0.0,0,0,0.0,0,0.0,0,0.0,0,0.0,0,0.0,0,0.0,0,0.0,0,0.0,0,0.0,0,0.0,0.00,0.0,0,0,0
3882950309,商销通投托管-经典大胸-自产-就靠它-细节装饰（36+）-ROI-2.28,被计划暂停,审核通过,通投,商品7日总支付ROI,笔记（商品组件）,696ee395000000001a02aa4a,5c6e75ba000000001201be11,视频笔记,6789edbc2b5554001514e8f8,商销通投托管-波波杯-自产-就靠它-细节装饰（36+）-ROI-2.28,177016987,2026-02-28 15:05:05,0.00,0,0,0.0%,0.0,0.0,0,0.00,0.0,0,0,0.0,0,0,0.0,0,0.0,0,0.0,0,0.0,0,0.0,0,0.0,0,0.0,0,0.0,0,0.0,0,0.0,0.00,0.0,0,0,0
3862319574,商销通投托管-经典大胸-自产-大胸别乱买-品牌人群-ROI-2.26,被计划暂停,审核通过,通投,商品7日总支付ROI,笔记（商品组件）,698fdc43000000001a0285fe,5c6e75ba000000001201be11,视频笔记,6789edbc2b5554001514e8f8,商销通投托管-经典大胸-自产-大胸别乱买-品牌人群-ROI-2.26,176532145,2026-02-26 11:28:22,0.00,0,0,0.0%,0.0,0.0,0,0.00,0.0,0,0,0.0,0,0,0.0,0,0.0,0,0.0,0,0.0,0,0.0,0,0.0,0,0.0,0,0.0,0,0.0,0,0.0,0.00,0.0,0,0,0
3853247519,商销通投托管-波波杯-自产-喷不了一点-细节装饰（36+）-ROI-2.25,被计划暂停,审核通过,通投,商品7日总支付ROI,笔记（商品组件）,698d8e8a000000001a02d51a,5c6e75ba000000001201be11,视频笔记,68cd243934db2a00017574e0,商销通投托管-波波杯-自产-喷不了一点-细节装饰（36+）-ROI-2.25,176319119,2026-02-25 11:47:23,0.00,0,0,0.0%,0.0,0.0,0,0.00,0.0,0,0,0.0,0,0,0.0,0,0.0,0,0.0,0,0.0,0,0.0,0,0.0,0,0.0,0,0.0,0,0.0,0,0.0,0.00,0.0,0,0,0
3853130318,商销通投托管-经典大胸-自产-告别臃肿-细节装饰（36+）-ROI-2.25,被计划暂停,审核通过,通投,商品7日总支付ROI,笔记（商品组件）,6985bacc000000001a029758,5c6e75ba000000001201be11,视频笔记,6789edbc2b5554001514e8f8,商销通投托管-经典大胸-自产-告别臃肿-细节装饰（36+）-ROI-2.25,176301028,2026-02-25 11:32:43,0.00,0,0,0.0%,0.0,0.0,0,0.00,0.0,0,0,0.0,0,0,0.0,0,0.0,0,0.0,0,0.0,0,0.0,0,0.0,0,0.0,0,0.0,0,0.0,0,0.0,0.00,0.0,0,0,0
3845431829,商销通投托管-经典大胸-自产-天菜内衣-细节装饰（36+）-ROI-2.24-视频,被计划暂停,审核通过,通投,商品7日总支付ROI,笔记（商品组件）,68ccaad3000000000b03c341,5c6e75ba000000001201be11,视频笔记,6789edbc2b5554001514e8f8,商销通投托管-经典大胸-自产-天菜内衣-细节装饰（36+）-ROI-2.24-视频,176118497,2026-02-24 15:14:32,0.00,0,0,0.0%,0.0,0.0,0,0.00,0.0,0,0,0.0,0,0,0.0,0,0.0,0,0.0,0,0.0,0,0.0,0,0.0,0,0.0,0,0.0,0,0.0,0,0.0,0.00,0.0,0,0,0
3845428177,商销通投托管-经典大胸-自产-显瘦神器-细节装饰（36+）-ROI-2.24,被计划暂停,审核通过,通投,商品7日总支付ROI,笔记（商品组件）,67c16251000000000d01580e,5c6e75ba000000001201be11,图文笔记,6789edbc2b5554001514e8f8,商销通投托管-经典大胸-自产-显瘦神器-细节装饰（36+）-ROI-2.24,176118308,2026-02-24 15:10:18,0.00,0,0,0.0%,0.0,0.0,0,0.00,0.0,0,0,0.0,0,0,0.0,0,0.0,0,0.0,0,0.0,0,0.0,0,0.0,0,0.0,0,0.0,0,0.0,0,0.0,0.00,0.0,0,0,0
3845518036,商销通投托管-经典大胸-自产-天花板-细节装饰（36+）-ROI-2.24,被计划暂停,审核通过,通投,商品7日总支付ROI,笔记（商品组件）,67f477e9000000001d03acdc,5c6e75ba000000001201be11,图文笔记,6789edbc2b5554001514e8f8,商销通投托管-经典大胸-自产-天花板-细节装饰（36+）-ROI-2.24,176117930,2026-02-24 15:03:15,0.00,0,0,0.0%,0.0,0.0,0,0.00,0.0,0,0,0.0,0,0,0.0,0,0.0,0,0.0,0,0.0,0,0.0,0,0.0,0,0.0,0,0.0,0,0.0,0,0.0,0.00,0.0,0,0,0
3845465267,商销通投托管-经典大胸-自产-显瘦又高级-品牌人群-ROI-2.24,被计划暂停,审核通过,通投,商品7日总支付ROI,笔记（商品组件）,6854cb58000000002203e304,5c6e75ba000000001201be11,图文笔记,6789edbc2b5554001514e8f8,商销通投托管-经典大胸-自产-显瘦又高级-品牌人群-ROI-2.24,176123401,2026-02-24 14:56:40,0.00,0,0,0.0%,0.0,0.0,0,0.00,0.0,0,0,0.0,0,0,0.0,0,0.0,0,0.0,0,0.0,0,0.0,0,0.0,0,0.0,0,0.0,0,0.0,0,0.0,0.00,0.0,0,0,0
3845245502,商销通投托管-糯糯杯大胸-自产-美晕-细节装饰（36+）-ROI-2.24,被计划暂停,审核通过,通投,商品7日总支付ROI,笔记（商品组件）,67ebb578000000001e006c94,5c6e75ba000000001201be11,图文笔记,6789edff6dd9a600157bdae8,商销通投托管-糯糯杯大胸-自产-美晕-细节装饰（36+）-ROI-2.24,176116531,2026-02-24 14:39:16,0.00,0,0,0.0%,0.0,0.0,0,0.00,0.0,0,0,0.0,0,0,0.0,0,0.0,0,0.0,0,0.0,0,0.0,0,0.0,0,0.0,0,0.0,0,0.0,0,0.0,0.00,0.0,0,0,0
3843712051,商销通投托管-经典大胸-自产-大胸别乱买-细节装饰（36+）-ROI-2.24,被计划暂停,审核通过,通投,商品7日总支付ROI,笔记（商品组件）,698fdc43000000001a0285fe,5c6e75ba000000001201be11,视频笔记,6789edbc2b5554001514e8f8,商销通投托管-经典大胸-自产-大胸别乱买-细节装饰（36+）-ROI-2.24,176065990,2026-02-24 11:03:14,0.00,0,0,0.0%,0.0,0.0,0,0.00,0.0,0,0,0.0,0,0,0.0,0,0.0,0,0.0,0,0.0,0,0.0,0,0.0,0,0.0,0,0.0,0,0.0,0,0.0,0.00,0.0,0,0,0
3843710976,商销通投托管-经典大胸-自产-直接小一圈-细节装饰（36+）-ROI-2.24,被计划暂停,审核通过,通投,商品7日总支付ROI,笔记（商品组件）,698f1049000000002801d12a,5c6e75ba000000001201be11,视频笔记,6789edbc2b5554001514e8f8,商销通投托管-经典大胸-自产-直接小一圈-细节装饰（36+）-ROI-2.24,176090702,2026-02-24 11:02:27,0.00,0,0,0.0%,0.0,0.0,0,0.00,0.0,0,0,0.0,0,0,0.0,0,0.0,0,0.0,0,0.0,0,0.0,0,0.0,0,0.0,0,0.0,0,0.0,0,0.0,0.00,0.0,0,0,0
3840313859,商销通投托管-波波杯-自产-大胸穿上-品牌人群-ROI-2.23,被计划暂停,审核通过,通投,商品7日总支付ROI,笔记（商品组件）,698f0ec7000000001a02088c,5c6e75ba000000001201be11,视频笔记,68cd243934db2a00017574e0,商销通投托管-波波杯-自产-大胸穿上-品牌人群-ROI-2.23,176016312,2026-02-23 22:30:10,0.00,0,0,0.0%,0.0,0.0,0,0.00,0.0,0,0,0.0,0,0,0.0,0,0.0,0,0.0,0,0.0,0,0.0,0,0.0,0,0.0,0,0.0,0,0.0,0,0.0,0.00,0.0,0,0,0
3778146451,商销通投托管-经典大胸-自产-嘎嘎显瘦-品牌人群-ROI-2.12,被计划暂停,审核通过,通投,商品7日总支付ROI,笔记（商品组件）,698d9110000000000e00e7e4,5c6e75ba000000001201be11,视频笔记,6789edbc2b5554001514e8f8,商销通投托管-经典大胸-自产-嘎嘎显瘦-品牌人群-ROI-2.12,175024035,2026-02-12 17:51:58,0.00,0,0,0.0%,0.0,0.0,0,0.00,0.0,0,0,0.0,0,0,0.0,0,0.0,0,0.0,0,0.0,0,0.0,0,0.0,0,0.0,0,0.0,0,0.0,0,0.0,0.00,0.0,0,0,0
3778145359,商销通投托管-波波杯-自产-喷不了一点-品牌人群-ROI-2.12,被计划暂停,审核通过,通投,商品7日总支付ROI,笔记（商品组件）,698d8e8a000000001a02d51a,5c6e75ba000000001201be11,视频笔记,68cd243934db2a00017574e0,商销通投托管-波波杯-自产-喷不了一点-品牌人群-ROI-2.12,175001390,2026-02-12 17:50:33,0.00,0,0,0.0%,0.0,0.0,0,0.00,0.0,0,0,0.0,0,0,0.0,0,0.0,0,0.0,0,0.0,0,0.0,0,0.0,0,0.0,0,0.0,0,0.0,0,0.0,0.00,0.0,0,0,0
3770343660,商销通投托管-经典大胸-自产-悟了-品牌人群-ROI-2.11,被计划暂停,不满足审核条件,通投,商品7日总支付ROI,笔记（商品组件）,67edeb41000000001b0240bc,5c6e75ba000000001201be11,视频笔记,6789edbc2b5554001514e8f8,商销通投托管-经典大胸-自产-悟了-品牌人群-ROI-2.11,174820460,2026-02-11 16:34:14,0.00,0,0,0.0%,0.0,0.0,0,0.00,0.0,0,0,0.0,0,0,0.0,0,0.0,0,0.0,0,0.0,0,0.0,0,0.0,0,0.0,0,0.0,0,0.0,0,0.0,0.00,0.0,0,0,0
3760399786,商销通投托管-经典大胸-自产-谁说大胸-细节装饰（36+）-ROI-2.10,被计划暂停,不满足审核条件,通投,商品7日总支付ROI,笔记（商品组件）,6971a091000000001a02d168,5c6e75ba000000001201be11,视频笔记,6789edbc2b5554001514e8f8,商销通投托管-经典大胸-自产-谁说大胸-细节装饰（36+）-ROI-2.10,174573670,2026-02-10 11:35:00,0.00,0,0,0.0%,0.0,0.0,0,0.00,0.0,0,0,0.0,0,0,0.0,0,0.0,0,0.0,0,0.0,0,0.0,0,0.0,0,0.0,0,0.0,0,0.0,0,0.0,0.00,0.0,0,0,0
3731422588,商销通投托管-救星杯-混剪-穿衣不臃肿-细节装饰（36+）-ROI-2.6,被计划暂停,审核通过,通投,商品7日总下单ROI,笔记（商品组件）,6985a2ca000000001a031605,5c6e75ba000000001201be11,视频笔记,68778665417c3f00015c6097,商销通投托管-救星杯-混剪-穿衣不臃肿-细节装饰（36+）-ROI-2.6,174013282,2026-02-06 16:38:16,0.00,0,0,0.0%,0.0,0.0,0,0.00,0.0,0,0,0.0,0,0,0.0,0,0.0,0,0.0,0,0.0,0,0.0,0,0.0,0,0.0,0,0.0,0,0.0,0,0.0,0.00,0.0,0,0,0
3731565174,商销通投托管-经典大胸-自产-穿一次就爱上-细节装饰（36+）-ROI-2.6,被计划暂停,不满足审核条件,通投,商品7日总下单ROI,笔记（商品组件）,69859fa7000000002801c091,5c6e75ba000000001201be11,视频笔记,6789edbc2b5554001514e8f8,商销通投托管-经典大胸-自产-穿一次就爱上-细节装饰（36+）-ROI-2.6,174024815,2026-02-06 16:37:09,0.00,0,0,0.0%,0.0,0.0,0,0.00,0.0,0,0,0.0,0,0,0.0,0,0.0,0,0.0,0,0.0,0,0.0,0,0.0,0,0.0,0,0.0,0,0.0,0,0.0,0.00,0.0,0,0,0
3731412625,商销通投托管-经典大胸-自产-虎背熊腰拜拜-细节装饰（36+）-ROI-2.6,被计划暂停,不满足审核条件,通投,商品7日总下单ROI,笔记（商品组件）,696896d8000000001a02752c,5c6e75ba000000001201be11,视频笔记,6789edbc2b5554001514e8f8,商销通投托管-经典大胸-自产-虎背熊腰拜拜-细节装饰（36+）-ROI-2.6,174001614,2026-02-06 16:32:57,0.00,0,0,0.0%,0.0,0.0,0,0.00,0.0,0,0,0.0,0,0,0.0,0,0.0,0,0.0,0,0.0,0,0.0,0,0.0,0,0.0,0,0.0,0,0.0,0,0.0,0.00,0.0,0,0,0
3731255353,商销通投托管-经典大胸-自产-舒适高颜值-细节装饰（36+）-ROI-2.6,被计划暂停,不满足审核条件,通投,商品7日总下单ROI,笔记（商品组件）,6971eeec000000001a026b20,5c6e75ba000000001201be11,视频笔记,6789edbc2b5554001514e8f8,商销通投托管-经典大胸-自产-舒适高颜值-细节装饰（36+）-ROI-2.6,174024557,2026-02-06 16:32:07,0.00,0,0,0.0%,0.0,0.0,0,0.00,0.0,0,0,0.0,0,0,0.0,0,0.0,0,0.0,0,0.0,0,0.0,0,0.0,0,0.0,0,0.0,0,0.0,0,0.0,0.00,0.0,0,0,0
3599528376,商销通投托管-合集-自产-耐穿-购买核心人群（36+）-ROI-1.23,被计划暂停,审核通过,通投,商品7日总支付ROI,笔记（商品组件）,68a66e31000000001b03cc98,5c6e75ba000000001201be11,视频笔记,"6789edbc2b5554001514e8f8,6789edff6dd9a600157bdae8,6870db9364e96a0001db9d5f,68777345e58d0700010a8b27",商销通投托管-合集-自产-耐穿-购买核心人群（36+）-ROI-1.23,171288847,2026-01-23 17:00:43,0.00,0,0,0.0%,0.0,0.0,0,0.00,0.0,0,0,0.0,0,0,0.0,0,0.0,0,0.0,0,0.0,0,0.0,0,0.0,0,0.0,0,0.0,0,0.0,0,0.0,0.00,0.0,0,0,0
3578589936,商销通投托管-救星杯-自产-冬季困扰-购买核心人群（36+）-ROI-1.21,被计划暂停,审核通过,通投,商品7日总支付ROI,笔记（商品组件）,694df71e000000001f0057aa,5c6e75ba000000001201be11,视频笔记,68778665417c3f00015c6097,商销通投托管-救星杯-自产-冬季困扰-购买核心人群（36+）-ROI-1.21,170803594,2026-01-21 17:31:20,0.00,0,0,0.0%,0.0,0.0,0,0.00,0.0,0,0,0.0,0,0,0.0,0,0.0,0,0.0,0,0.0,0,0.0,0,0.0,0,0.0,0,0.0,0,0.0,0,0.0,0.00,0.0,0,0,0
3578805827,商销通投托管-糯糯杯大胸-转载-初秋-细节装饰（36+）-ROI-1.21,有效,审核通过,通投,商品7日总下单ROI,笔记（商品组件）,68ccac860000000011017183,5c6e75ba000000001201be11,视频笔记,6789edff6dd9a600157bdae8,商销通投托管-糯糯杯大胸-转载-初秋-细节装饰（36+）-ROI-1.21,170828301,2026-01-21 17:29:24,4.49,174,5,2.87%,0.9,25.8,0,0.00,0.0,0,0,0.0,0,0,0.0,2,2.25,0,0.0,0,0.0,0.0,0.0,0,0.0,0.0,0.0,0,0.0,0.0,0.0,0,0.0,0.00,0.0,2,0,0.0
3578688590,商销通投托管-波波杯-混剪-秋冬不显胖-细节装饰（36+）-ROI-1.21,被计划暂停,不满足审核条件,通投,商品7日总支付ROI,笔记（商品组件）,69152dac0000000005039afc,5c6e75ba000000001201be11,视频笔记,68cd243934db2a00017574e0,商销通投托管-波波杯-混剪-秋冬不显胖-细节装饰（36+）-ROI-1.21,170808756,2026-01-21 17:27:04,0.00,0,0,0.0%,0.0,0.0,0,0.00,0.0,0,0,0.0,0,0,0.0,0,0.0,0,0.0,0,0.0,0,0.0,0,0.0,0,0.0,0,0.0,0,0.0,0,0.0,0.00,0.0,0,0,0
3445090687,商销通投托管-救星杯-自产-上身秒变-细节装饰（36+）-ROI-1.8,被计划暂停,审核通过,通投,商品7日总支付ROI,笔记（商品组件）,693bdab6000000001e039f41,5c6e75ba000000001201be11,图文笔记,68778665417c3f00015c6097,商销通投托管-救星杯-自产-上身秒变-细节装饰（36+）-ROI-1.8,168075293,2026-01-08 13:37:09,0.00,0,0,0.0%,0.0,0.0,0,0.00,0.0,0,0,0.0,0,0,0.0,0,0.0,0,0.0,0,0.0,0,0.0,0,0.0,0,0.0,0,0.0,0,0.0,0,0.0,0.00,0.0,0,0,0
3444477265,商销通投托管-波波杯-自产-显瘦又舒服-细节装饰（36+）-ROI-1.8,被计划暂停,审核通过,通投,商品7日总支付ROI,笔记（商品组件）,690d485500000000040106b6,5c6e75ba000000001201be11,视频笔记,68cd243934db2a00017574e0,商销通投托管-波波杯-自产-显瘦又舒服-细节装饰（36+）-ROI-1.8,168054681,2026-01-08 11:59:41,0.00,0,0,0.0%,0.0,0.0,0,0.00,0.0,0,0,0.0,0,0,0.0,0,0.0,0,0.0,0,0.0,0,0.0,0,0.0,0,0.0,0,0.0,0,0.0,0,0.0,0.00,0.0,0,0,0
3302075553,商销通投托管-救星杯-自产-下垂-购买核心人群-ROI-12.25,被计划暂停,审核通过,通投,商品7日总支付ROI,笔记（商品组件）,68f5ee9300000000040131e3,5c6e75ba000000001201be11,视频笔记,68778665417c3f00015c6097,商销通投托管-救星杯-自产-下垂-购买核心人群-ROI-12.25,165457935,2025-12-25 16:39:32,0.00,0,0,0.0%,0.0,0.0,0,0.00,0.0,0,0,0.0,0,0,0.0,0,0.0,0,0.0,0,0.0,0,0.0,0,0.0,0,0.0,0,0.0,0,0.0,0,0.0,0.00,0.0,0,0,0
3164490431,商销通投托管-轻挺系列-自产-邪修-细节装饰（36+）-ROI-12.12-视频,被计划暂停,审核通过,通投,商品7日总支付ROI,笔记（商品组件）,689d7c9b000000001c012acf,5c6e75ba000000001201be11,视频笔记,6870db9364e96a0001db9d5f,商销通投托管-轻挺系列-自产-邪修-细节装饰（36+）-ROI-12.12-视频,162514565,2025-12-12 15:00:30,0.00,0,0,0.0%,0.0,0.0,0,0.00,0.0,0,0,0.0,0,0,0.0,0,0.0,0,0.0,0,0.0,0,0.0,0,0.0,0,0.0,0,0.0,0,0.0,0,0.0,0.00,0.0,0,0,0
3152994499,商销通投托管-波波杯-自产-长期主义内衣-细节装饰（36+）-ROI-12.11,暂停,不满足审核条件,通投,商品7日总支付ROI,笔记（商品组件）,69203a0d000000001e02cd40,5c6e75ba000000001201be11,视频笔记,68cd243934db2a00017574e0,商销通投托管-波波杯-自产-长期主义内衣-细节装饰（36+）-ROI-12.11-1,162169682,2025-12-11 14:18:13,0.00,0,0,0.0%,0.0,0.0,0,0.00,0.0,0,0,0.0,0,0,0.0,0,0.0,0,0.0,0,0.0,0,0.0,0,0.0,0,0.0,0,0.0,0,0.0,0,0.0,0.00,0.0,0,0,0
3152866026,商销通投托管-波波杯-自产-长期主义内衣-细节装饰（36+）-ROI-12.11,被计划暂停,不满足审核条件,通投,商品7日总支付ROI,笔记（商品组件）,69203a0d000000001e02cd40,5c6e75ba000000001201be11,视频笔记,68cd243934db2a00017574e0,商销通投托管-波波杯-自产-长期主义内衣-细节装饰（36+）-ROI-12.11,162182781,2025-12-11 14:12:25,0.00,0,0,0.0%,0.0,0.0,0,0.00,0.0,0,0,0.0,0,0,0.0,0,0.0,0,0.0,0,0.0,0,0.0,0,0.0,0,0.0,0,0.0,0,0.0,0,0.0,0.00,0.0,0,0,0
3152862979,商销通投托管-糯糯杯小胸-自产-小胸姐妹-购买核心人群-ROI-12.11,暂停,审核通过,通投,商品7日总支付ROI,笔记（商品组件）,69201e4c000000001e036b06,5c6e75ba000000001201be11,视频笔记,6789edff6dd9a600157bdae8,商销通投托管-糯糯杯小胸-自产-小胸姐妹-购买核心人群-ROI-12.11,162177838,2025-12-11 14:10:56,0.00,0,0,0.0%,0.0,0.0,0,0.00,0.0,0,0,0.0,0,0,0.0,0,0.0,0,0.0,0,0.0,0,0.0,0,0.0,0,0.0,0,0.0,0,0.0,0,0.0,0.00,0.0,0,0,0
3152811533,商销通投托管-救星杯-自产-下垂-细节装饰（36+）-ROI-12.11,被计划暂停,审核通过,通投,商品7日总支付ROI,笔记（商品组件）,68f5ee9300000000040131e3,5c6e75ba000000001201be11,视频笔记,68778665417c3f00015c6097,商销通投托管-救星杯-自产-下垂-细节装饰（36+）-ROI-12.11,162188125,2025-12-11 14:07:07,0.00,0,0,0.0%,0.0,0.0,0,0.00,0.0,0,0,0.0,0,0,0.0,0,0.0,0,0.0,0,0.0,0,0.0,0,0.0,0,0.0,0,0.0,0,0.0,0,0.0,0.00,0.0,0,0,0
3152607391,商销通投托管-救星杯-混剪-舒适与高级-购买核心人群-ROI-12.11,被计划暂停,审核通过,通投,商品7日总支付ROI,笔记（商品组件）,69167d7300000000050106e6,5c6e75ba000000001201be11,图文笔记,68778665417c3f00015c6097,商销通投托管-救星杯-混剪-舒适与高级-购买核心人群-ROI-12.11,162157941,2025-12-11 14:03:02,0.00,0,0,0.0%,0.0,0.0,0,0.00,0.0,0,0,0.0,0,0,0.0,0,0.0,0,0.0,0,0.0,0,0.0,0,0.0,0,0.0,0,0.0,0,0.0,0,0.0,0.00,0.0,0,0,0
3152545912,商销通投托管-轻挺系列-自产-托起-细节装饰（36+）-ROI-12.11,被计划暂停,不满足审核条件,通投,商品7日总支付ROI,笔记（商品组件）,68b79585000000001c012388,5c6e75ba000000001201be11,视频笔记,6870db9364e96a0001db9d5f,商销通投托管-轻挺系列-自产-托起-细节装饰（36+）-ROI-12.11,162182237,2025-12-11 14:01:06,0.00,0,0,0.0%,0.0,0.0,0,0.00,0.0,0,0,0.0,0,0,0.0,0,0.0,0,0.0,0,0.0,0,0.0,0,0.0,0,0.0,0,0.0,0,0.0,0,0.0,0.00,0.0,0,0,0
3152483960,商销通投托管-波波杯-混剪-秋冬不显胖-购买核心人群-ROI-12.11,被计划暂停,不满足审核条件,通投,商品7日总支付ROI,笔记（商品组件）,69152dac0000000005039afc,5c6e75ba000000001201be11,视频笔记,68cd243934db2a00017574e0,商销通投托管-波波杯-混剪-秋冬不显胖-购买核心人群-ROI-12.11,162151869,2025-12-11 13:51:44,0.00,0,0,0.0%,0.0,0.0,0,0.00,0.0,0,0,0.0,0,0,0.0,0,0.0,0,0.0,0,0.0,0,0.0,0,0.0,0,0.0,0,0.0,0,0.0,0,0.0,0.00,0.0,0,0,0
2916669885,商销通投托管-小懒猫-自产-秋冬舒适无痕-购买核心人群-ROI-11.18,被计划暂停,审核通过,通投,商品7日总下单ROI,笔记（商品组件）,690dc37c000000000400187b,5c6e75ba000000001201be11,视频笔记,68d23b3a3f37a900012597a2,商销通投托管-小懒猫-自产-秋冬舒适无痕-购买核心人群-ROI-11.18,156279409,2025-11-18 10:10:01,0.00,0,0,0.0%,0.0,0.0,0,0.00,0.0,0,0,0.0,0,0,0.0,0,0.0,0,0.0,0,0.0,0,0.0,0,0.0,0,0.0,0,0.0,0,0.0,0,0.0,0.00,0.0,0,0,0
2874894136,商销通投托管-经典大胸-转载-真的显瘦-细节装饰（36+）-ROI-11.13,有效,审核通过,通投,商品7日总下单ROI,笔记（商品组件）,68d0f18e000000001101dccf,5c6e75ba000000001201be11,视频笔记,6789edbc2b5554001514e8f8,商销通投托管-经典大胸-转载-真的显瘦-细节装饰（36+）-ROI-11.13,155384589,2025-11-13 17:58:24,32.87,485,13,2.68%,2.53,67.77,0,0.00,0.0,0,0,0.0,0,0,0.0,5,6.57,2,16.43,1,32.87,149.0,4.53,1,32.87,149.0,4.53,0,0.0,0.0,0.0,0,0.0,0.00,0.0,5,1,149.0
2874625300,商销通投托管-MOOMIN-自产-满分-服饰人群-ROI-11.13,被计划暂停,不满足审核条件,通投,商品7日总下单ROI,笔记（商品组件）,68f75223000000000503ba7a,5c6e75ba000000001201be11,视频笔记,68e89369d3eed2000136b60c,商销通投托管-MOOMIN-自产-满分-服饰人群-ROI-11.13,155363400,2025-11-13 17:51:11,0.00,0,0,0.0%,0.0,0.0,0,0.00,0.0,0,0,0.0,0,0,0.0,0,0.0,0,0.0,0,0.0,0,0.0,0,0.0,0,0.0,0,0.0,0,0.0,0,0.0,0.00,0.0,0,0,0
2739511916,商销通投托管-MOOMIN-官号-牵手成功-灵犀AIPS人群-ROI-10.30,被计划暂停,审核通过,通投,商品1日总支付ROI,笔记（商品组件）,68f1e81f00000000040034ce,5c6e75ba000000001201be11,图文笔记,"68e893fe2990490001ef950d,68e89369d3eed2000136b60c",商销通投托管-MOOMIN-官号-牵手成功-灵犀AIPS人群-ROI-10.30,152625868,2025-10-30 17:38:19,0.00,0,0,0.0%,0.0,0.0,0,0.00,0.0,0,0,0.0,0,0,0.0,0,0.0,0,0.0,0,0.0,0,0.0,0,0.0,0,0.0,0,0.0,0,0.0,0,0.0,0.00,0.0,0,0,0
2678361667,商销通投托管-合集-官号-官宣-美依礼芽（36+）-ROI-10.24,被计划暂停,审核通过,通投,商品7日总下单ROI,笔记（商品组件）,68e8ad6b00000000040040c8,5c6e75ba000000001201be11,视频笔记,"6878c9284f80eb00018a69fb,6789edff6dd9a600157bdae8,68cd243934db2a00017574e0,68778665417c3f00015c6097",商销通投托管-合集-官号-官宣-美依礼芽（36+）-ROI-10.24,150695087,2025-10-24 10:23:13,0.00,0,0,0.0%,0.0,0.0,0,0.00,0.0,0,0,0.0,0,0,0.0,0,0.0,0,0.0,0,0.0,0,0.0,0,0.0,0,0.0,0,0.0,0,0.0,0,0.0,0.00,0.0,0,0,0
2678520335,商销通投托管-救星杯-官号-美依礼芽同款-美依礼芽（36+）-ROI-10.24,被计划暂停,审核拒绝,通投,商品7日总下单ROI,笔记（商品组件）,68f5fa170000000004002ded,5c6e75ba000000001201be11,视频笔记,68778665417c3f00015c6097,商销通投托管-救星杯-官号-美依礼芽同款-美依礼芽（36+）-ROI-10.24,150683438,2025-10-24 10:22:06,0.00,0,0,0.0%,0.0,0.0,0,0.00,0.0,0,0,0.0,0,0,0.0,0,0.0,0,0.0,0,0.0,0,0.0,0,0.0,0,0.0,0,0.0,0,0.0,0,0.0,0.00,0.0,0,0,0
2649997562,商销通投托管-救星杯-官号-美依礼芽同款-双十一人群（36+）-ROI-10.21,被计划暂停,审核拒绝,通投,商品7日总下单ROI,笔记（商品组件）,68f5fa170000000004002ded,5c6e75ba000000001201be11,视频笔记,68778665417c3f00015c6097,商销通投托管-救星杯-官号-美依礼芽同款-双十一人群（36+）-ROI-10.21,149897097,2025-10-21 15:00:41,0.00,0,0,0.0%,0.0,0.0,0,0.00,0.0,0,0,0.0,0,0,0.0,0,0.0,0,0.0,0,0.0,0,0.0,0,0.0,0,0.0,0,0.0,0,0.0,0,0.0,0.00,0.0,0,0,0
2643983383,商销通投托管-救星杯-官号-美依礼芽同款-双十一人群（36+）-ROI-10.20,被计划暂停,审核拒绝,通投,商品7日总下单ROI,笔记（商品组件）,68f5fa170000000004002ded,5c6e75ba000000001201be11,视频笔记,68ef4b01c192ac0001e0a2fa,商销通投托管-救星杯-官号-美依礼芽同款-双十一人群（36+）-ROI-10.20,149699784,2025-10-20 17:53:15,0.00,0,0,0.0%,0.0,0.0,0,0.00,0.0,0,0,0.0,0,0,0.0,0,0.0,0,0.0,0,0.0,0,0.0,0,0.0,0,0.0,0,0.0,0,0.0,0,0.0,0.00,0.0,0,0,0
2644076155,商销通投托管-救星杯-官号-美依礼芽同款-二次元（36+）-ROI-10.20,被计划暂停,审核拒绝,通投,商品7日总下单ROI,笔记（商品组件）,68f5fa170000000004002ded,5c6e75ba000000001201be11,视频笔记,68ef4b01c192ac0001e0a2fa,商销通投托管-救星杯-官号-美依礼芽同款-二次元（36+）-ROI-10.20,149687845,2025-10-20 17:51:16,0.00,0,0,0.0%,0.0,0.0,0,0.00,0.0,0,0,0.0,0,0,0.0,0,0.0,0,0.0,0,0.0,0,0.0,0,0.0,0,0.0,0,0.0,0,0.0,0,0.0,0.00,0.0,0,0,0
2607139808,商销通投托管-合集-自产-攻略-二次元（36+）-ROI-10.16,暂停,审核通过,通投,商品7日总下单ROI,笔记（商品组件）,68ef735c000000000501007f,5c6e75ba000000001201be11,图文笔记,"6789edff6dd9a600157bdae8,68ef4b01c192ac0001e0a2fa,68ef4bd653446d00012c6b6d,6878c9284f80eb00018a69fb",商销通投托管-合集-自产-攻略-二次元（36+）-ROI-10.16,148719429,2025-10-16 15:01:30,0.00,0,0,0.0%,0.0,0.0,0,0.00,0.0,0,0,0.0,0,0,0.0,0,0.0,0,0.0,0,0.0,0,0.0,0,0.0,0,0.0,0,0.0,0,0.0,0,0.0,0.00,0.0,0,0,0
2607238105,商销通投托管-合集-自产-攻略-双十一人群（36+）-ROI-10.16,被计划暂停,审核通过,通投,商品7日总下单ROI,笔记（商品组件）,68ef735c000000000501007f,5c6e75ba000000001201be11,图文笔记,"6789edff6dd9a600157bdae8,68ef4b01c192ac0001e0a2fa,68ef4bd653446d00012c6b6d,6878c9284f80eb00018a69fb",商销通投托管-合集-自产-攻略-双十一人群（36+）-ROI-10.16,148708115,2025-10-16 15:00:57,0.00,0,0,0.0%,0.0,0.0,0,0.00,0.0,0,0,0.0,0,0,0.0,0,0.0,0,0.0,0,0.0,0,0.0,0,0.0,0,0.0,0,0.0,0,0.0,0,0.0,0.00,0.0,0,0,0
2607035890,商销通投托管-合集-自产-攻略-细节装饰（36+）-ROI-10.16,暂停,审核通过,通投,商品7日总下单ROI,笔记（商品组件）,68ef735c000000000501007f,5c6e75ba000000001201be11,图文笔记,"6789edff6dd9a600157bdae8,68ef4b01c192ac0001e0a2fa,68ef4bd653446d00012c6b6d,6878c9284f80eb00018a69fb",商销通投托管-合集-自产-攻略-细节装饰（36+）-ROI-10.16,148698276,2025-10-16 15:00:22,0.00,0,0,0.0%,0.0,0.0,0,0.00,0.0,0,0,0.0,0,0,0.0,0,0.0,0,0.0,0,0.0,0,0.0,0,0.0,0,0.0,0,0.0,0,0.0,0,0.0,0.00,0.0,0,0,0
2607234939,商销通投托管-波波杯-官号-双11必入-二次元（36+）-ROI-10.16,被计划暂停,审核通过,通投,商品7日总下单ROI,笔记（商品组件）,68ef51d00000000004029f23,5c6e75ba000000001201be11,视频笔记,68ef4bd653446d00012c6b6d,商销通投托管-经典大胸-官号-双11必入-二次元（36+）-ROI-10.16,148708001,2025-10-16 14:58:26,0.00,0,0,0.0%,0.0,0.0,0,0.00,0.0,0,0,0.0,0,0,0.0,0,0.0,0,0.0,0,0.0,0,0.0,0,0.0,0,0.0,0,0.0,0,0.0,0,0.0,0.00,0.0,0,0,0
2607182364,商销通投托管-波波杯-官号-双11必入-双十一人群（36+）-ROI-10.16,被计划暂停,审核通过,通投,商品7日总下单ROI,笔记（商品组件）,68ef51d00000000004029f23,5c6e75ba000000001201be11,视频笔记,68ef4bd653446d00012c6b6d,商销通投托管-经典大胸-官号-双11必入-双十一人群（36+）-ROI-10.16,148719241,2025-10-16 14:57:30,0.00,0,0,0.0%,0.0,0.0,0,0.00,0.0,0,0,0.0,0,0,0.0,0,0.0,0,0.0,0,0.0,0,0.0,0,0.0,0,0.0,0,0.0,0,0.0,0,0.0,0.00,0.0,0,0,0
2607233336,商销通投托管-波波杯-官号-双11必入-细节装饰（36+）-ROI-10.16,被计划暂停,审核通过,通投,商品7日总下单ROI,笔记（商品组件）,68ef51d00000000004029f23,5c6e75ba000000001201be11,视频笔记,68ef4bd653446d00012c6b6d,商销通投托管-经典大胸-官号-双11必入-细节装饰（36+）-ROI-10.16,148707925,2025-10-16 14:57:03,0.00,0,0,0.0%,0.0,0.0,0,0.00,0.0,0,0,0.0,0,0,0.0,0,0.0,0,0.0,0,0.0,0,0.0,0,0.0,0,0.0,0,0.0,0,0.0,0,0.0,0.00,0.0,0,0,0
2596649852,商销通投托管-经典大胸-转载-能呼吸-细节装饰（36+）-ROI-10.15,被计划暂停,不满足审核条件,通投,商品7日总下单ROI,笔记（商品组件）,68cd1550000000000e00da02,5c6e75ba000000001201be11,视频笔记,6789edbc2b5554001514e8f8,商销通投托管-经典大胸-转载-能呼吸-细节装饰（36+）-ROI-10.15,148375542,2025-10-15 14:04:36,0.00,0,0,0.0%,0.0,0.0,0,0.00,0.0,0,0,0.0,0,0,0.0,0,0.0,0,0.0,0,0.0,0,0.0,0,0.0,0,0.0,0,0.0,0,0.0,0,0.0,0.00,0.0,0,0,0
2596644646,商销通投托管-双层大胸-转载-选对-细节装饰（36+）-ROI-10.15,被计划暂停,审核通过,通投,商品7日总下单ROI,笔记（商品组件）,68d34e3b000000000b0133f9,5c6e75ba000000001201be11,视频笔记,6789ed6ef1397f0015ee9c10,商销通投托管-双层大胸-自产-选对-细节装饰（36+）-ROI-10.15,148375376,2025-10-15 14:01:15,0.00,0,0,0.0%,0.0,0.0,0,0.00,0.0,0,0,0.0,0,0,0.0,0,0.0,0,0.0,0,0.0,0,0.0,0,0.0,0,0.0,0,0.0,0,0.0,0,0.0,0.00,0.0,0,0,0
2596740918,商销通投托管-糯糯杯大胸-自产-瘦身外挂-细节装饰（36+）-ROI-10.15,被计划暂停,审核通过,通投,商品7日总下单ROI,笔记（商品组件）,689ab0cb000000002203968e,5c6e75ba000000001201be11,视频笔记,6789edff6dd9a600157bdae8,商销通投托管-糯糯杯大胸-自产-瘦身外挂-细节装饰（36+）-ROI-10.15,148396600,2025-10-15 14:00:27,0.00,0,0,0.0%,0.0,0.0,0,0.00,0.0,0,0,0.0,0,0,0.0,0,0.0,0,0.0,0,0.0,0,0.0,0,0.0,0,0.0,0,0.0,0,0.0,0,0.0,0.00,0.0,0,0,0
2574727632,商销通投托管-合集-官号-官宣-双十一人群-ROI-10.13,被计划暂停,审核通过,通投,商品7日总下单ROI,笔记（商品组件）,68e8ad6b00000000040040c8,5c6e75ba000000001201be11,视频笔记,"6878c9284f80eb00018a69fb,6789edff6dd9a600157bdae8,68cd243934db2a00017574e0,68778665417c3f00015c6097",商销通投托管-合集-官号-官宣-双十一人群-ROI-10.13,147796931,2025-10-13 09:30:04,0.00,0,0,0.0%,0.0,0.0,0,0.00,0.0,0,0,0.0,0,0,0.0,0,0.0,0,0.0,0,0.0,0,0.0,0,0.0,0,0.0,0,0.0,0,0.0,0,0.0,0.00,0.0,0,0,0
2558673921,商销通投托管-合集-官号-官宣-二次元（36+）-ROI-10.11,有效,审核通过,通投,商品7日总下单ROI,笔记（商品组件）,68e8ad6b00000000040040c8,5c6e75ba000000001201be11,视频笔记,"6878c9284f80eb00018a69fb,6789edff6dd9a600157bdae8,68cd243934db2a00017574e0,68778665417c3f00015c6097",商销通投托管-合集-官号-官宣-二次元（36+）-ROI-10.11,147401671,2025-10-11 11:19:09,4.14,67,0,0.0%,0.0,61.79,0,0.00,0.0,0,0,0.0,0,0,0.0,0,0.0,0,0.0,0,0.0,0.0,0.0,0,0.0,0.0,0.0,0,0.0,0.0,0.0,0,0.0,0.00,0.0,0,0,0.0
2558701288,商销通投托管-合集-官号-官宣-细节装饰（36+）-ROI-10.11,被计划暂停,审核通过,通投,商品7日总下单ROI,笔记（商品组件）,68e8ad6b00000000040040c8,5c6e75ba000000001201be11,视频笔记,"6878c9284f80eb00018a69fb,6789edff6dd9a600157bdae8,68cd243934db2a00017574e0,68778665417c3f00015c6097",商销通投托管-合集-官号-官宣-细节装饰（36+）-ROI-10.11,147418393,2025-10-11 11:16:13,0.00,0,0,0.0%,0.0,0.0,0,0.00,0.0,0,0,0.0,0,0,0.0,0,0.0,0,0.0,0,0.0,0,0.0,0,0.0,0,0.0,0,0.0,0,0.0,0,0.0,0.00,0.0,0,0,0
2551148518,商销通投托管-合集-自产-耐穿-双十一人群（36+）-支付ROI-10.10,被计划暂停,审核通过,通投,商品1日总支付ROI,笔记（商品组件）,68a66e31000000001b03cc98,5c6e75ba000000001201be11,视频笔记,"6789edbc2b5554001514e8f8,6789edff6dd9a600157bdae8,6870db9364e96a0001db9d5f,68777345e58d0700010a8b27",商销通投托管-合集-自产-耐穿-双十一人群（36+）-支付ROI-10.10,147219019,2025-10-10 15:07:10,0.00,0,0,0.0%,0.0,0.0,0,0.00,0.0,0,0,0.0,0,0,0.0,0,0.0,0,0.0,0,0.0,0,0.0,0,0.0,0,0.0,0,0.0,0,0.0,0,0.0,0.00,0.0,0,0,0
2539447438,商销通投托管-轻挺系列-自产-托起-双十一人群-ROI-10.9,被计划暂停,不满足审核条件,通投,商品7日总下单ROI,笔记（商品组件）,68b79585000000001c012388,5c6e75ba000000001201be11,视频笔记,6870db9364e96a0001db9d5f,商销通投托管-轻挺系列-自产-托起-双十一人群-ROI-10.9,146881704,2025-10-09 10:02:27,0.00,0,0,0.0%,0.0,0.0,0,0.00,0.0,0,0,0.0,0,0,0.0,0,0.0,0,0.0,0,0.0,0,0.0,0,0.0,0,0.0,0,0.0,0,0.0,0,0.0,0.00,0.0,0,0,0
2539383653,商销通投托管-轻挺系列-自产-托起-细节装饰（36+）-ROI-10.9,被计划暂停,审核通过,通投,商品7日总下单ROI,笔记（商品组件）,68b79585000000001c012388,5c6e75ba000000001201be11,视频笔记,6870db9364e96a0001db9d5f,商销通投托管-轻挺系列-自产-托起-细节装饰（36+）-ROI-10.9,146887344,2025-10-09 09:56:52,0.00,0,0,0.0%,0.0,0.0,0,0.00,0.0,0,0,0.0,0,0,0.0,0,0.0,0,0.0,0,0.0,0,0.0,0,0.0,0,0.0,0,0.0,0,0.0,0,0.0,0.00,0.0,0,0,0
2539382807,商销通投托管-糯糯杯大胸-转载-初秋-服饰大促（36+）-ROI-10.9,被计划暂停,不满足审核条件,通投,商品7日总下单ROI,笔记（商品组件）,68ccac860000000011017183,5c6e75ba000000001201be11,视频笔记,6789edff6dd9a600157bdae8,商销通投托管-糯糯杯大胸-转载-初秋-服饰大促（36+）-ROI-10.9,146893267,2025-10-09 09:56:00,0.00,0,0,0.0%,0.0,0.0,0,0.00,0.0,0,0,0.0,0,0,0.0,0,0.0,0,0.0,0,0.0,0,0.0,0,0.0,0,0.0,0,0.0,0,0.0,0,0.0,0.00,0.0,0,0,0
2539379418,商销通投托管-轻挺系列-自产-邪修-服饰大促（36+）-ROI-10.9,被计划暂停,不满足审核条件,通投,商品7日总下单ROI,笔记（商品组件）,689d7c9b000000001c012acf,5c6e75ba000000001201be11,视频笔记,6870db9364e96a0001db9d5f,商销通投托管-轻挺系列-自产-邪修-服饰大促（36+）-ROI-10.9,146894371,2025-10-09 09:53:40,0.00,0,0,0.0%,0.0,0.0,0,0.00,0.0,0,0,0.0,0,0,0.0,0,0.0,0,0.0,0,0.0,0,0.0,0,0.0,0,0.0,0,0.0,0,0.0,0,0.0,0.00,0.0,0,0,0
2538990147,商销通投托管-合集-自产-耐穿-细节装饰（36+）-ROI-10.9,被计划暂停,审核通过,通投,商品7日总下单ROI,笔记（商品组件）,68a66e31000000001b03cc98,5c6e75ba000000001201be11,视频笔记,"6789edbc2b5554001514e8f8,6789edff6dd9a600157bdae8,6870db9364e96a0001db9d5f,68777345e58d0700010a8b27",商销通投托管-合集-自产-耐穿-细节装饰（36+）-ROI-10.9,146869318,2025-10-09 09:22:41,0.00,0,0,0.0%,0.0,0.0,0,0.00,0.0,0,0,0.0,0,0,0.0,0,0.0,0,0.0,0,0.0,0,0.0,0,0.0,0,0.0,0,0.0,0,0.0,0,0.0,0.00,0.0,0,0,0
2531934979,商销通投托管-糯糯杯大胸-转载-初秋-细节装饰（36+）-ROI-10.8,被计划暂停,不满足审核条件,通投,商品7日总下单ROI,笔记（商品组件）,68ccac860000000011017183,5c6e75ba000000001201be11,视频笔记,6789edff6dd9a600157bdae8,商销通投托管-糯糯杯大胸-转载-初秋-细节装饰（36+）-ROI-10.8,146731674,2025-10-08 09:41:34,0.00,0,0,0.0%,0.0,0.0,0,0.00,0.0,0,0,0.0,0,0,0.0,0,0.0,0,0.0,0,0.0,0,0.0,0,0.0,0,0.0,0,0.0,0,0.0,0,0.0,0.00,0.0,0,0,0
2531934577,商销通投托管-轻挺系列-自产-邪修-细节装饰（36+）-ROI-10.8,被计划暂停,审核通过,通投,商品7日总下单ROI,笔记（商品组件）,689d7c9b000000001c012acf,5c6e75ba000000001201be11,视频笔记,6870db9364e96a0001db9d5f,商销通投托管-轻挺系列-自产-邪修-细节装饰（36+）-ROI-10.8,146725702,2025-10-08 09:41:12,0.00,0,0,0.0%,0.0,0.0,0,0.00,0.0,0,0,0.0,0,0,0.0,0,0.0,0,0.0,0,0.0,0,0.0,0,0.0,0,0.0,0,0.0,0,0.0,0,0.0,0.00,0.0,0,0,0
2491920881,商销通投托管-轻挺系列-自产-邪修-双十一人群-ROI-10.2,被计划暂停,不满足审核条件,通投,商品7日总下单ROI,笔记（商品组件）,689d7c9b000000001c012acf,5c6e75ba000000001201be11,视频笔记,6870db9364e96a0001db9d5f,商销通投托管-轻挺系列-自产-邪修-双十一人群-ROI-10.2,146072968,2025-10-02 10:44:54,0.00,0,0,0.0%,0.0,0.0,0,0.00,0.0,0,0,0.0,0,0,0.0,0,0.0,0,0.0,0,0.0,0,0.0,0,0.0,0,0.0,0,0.0,0,0.0,0,0.0,0.00,0.0,0,0,0
2491971236,商销通投托管-合集-自产-耐穿-双十一人群-ROI-10.2,被计划暂停,审核通过,通投,商品7日总下单ROI,笔记（商品组件）,68a66e31000000001b03cc98,5c6e75ba000000001201be11,视频笔记,"6789edbc2b5554001514e8f8,6789edff6dd9a600157bdae8,6870db9364e96a0001db9d5f,68777345e58d0700010a8b27",商销通投托管-合集-自产-耐穿-双十一人群-ROI-10.2,146065851,2025-10-02 10:44:14,0.00,0,0,0.0%,0.0,0.0,0,0.00,0.0,0,0,0.0,0,0,0.0,0,0.0,0,0.0,0,0.0,0,0.0,0,0.0,0,0.0,0,0.0,0,0.0,0,0.0,0.00,0.0,0,0,0
2491861229,商销通投托管-糯糯杯大胸-转载-初秋-双十一人群-ROI-10.2,被计划暂停,审核通过,通投,商品7日总下单ROI,笔记（商品组件）,68ccac860000000011017183,5c6e75ba000000001201be11,视频笔记,6789edff6dd9a600157bdae8,商销通投托管-糯糯杯大胸-转载-初秋-双十一人群-ROI-10.2,146084099,2025-10-02 10:43:36,0.00,0,0,0.0%,0.0,0.0,0,0.00,0.0,0,0,0.0,0,0,0.0,0,0.0,0,0.0,0,0.0,0,0.0,0,0.0,0,0.0,0,0.0,0,0.0,0,0.0,0.00,0.0,0,0,0
2478010448,商销通投托管-糯糯杯大胸-转载-初秋-细节装饰（36+）-ROI-9.30,被计划暂停,不满足审核条件,通投,商品7日总下单ROI,笔记（商品组件）,68ccac860000000011017183,5c6e75ba000000001201be11,视频笔记,6789edff6dd9a600157bdae8,商销通投托管-糯糯杯大胸-转载-初秋-细节装饰（36+）-ROI-9.30,145756173,2025-09-30 14:24:53,0.00,0,0,0.0%,0.0,0.0,0,0.00,0.0,0,0,0.0,0,0,0.0,0,0.0,0,0.0,0,0.0,0,0.0,0,0.0,0,0.0,0,0.0,0,0.0,0,0.0,0.00,0.0,0,0,0
2477789444,商销通投托管-合集-自产-耐穿-细节装饰（36+）-ROI-9.30,被计划暂停,审核通过,通投,商品7日总下单ROI,笔记（商品组件）,68a66e31000000001b03cc98,5c6e75ba000000001201be11,视频笔记,"6789edbc2b5554001514e8f8,6789edff6dd9a600157bdae8,6870db9364e96a0001db9d5f,68777345e58d0700010a8b27",商销通投托管-合集-自产-耐穿-细节装饰（36+）-ROI-9.30,145761488,2025-09-30 14:24:01,0.00,0,0,0.0%,0.0,0.0,0,0.00,0.0,0,0,0.0,0,0,0.0,0,0.0,0,0.0,0,0.0,0,0.0,0,0.0,0,0.0,0,0.0,0,0.0,0,0.0,0.00,0.0,0,0,0
2458147071,商销通投托管-轻挺系列-自产-邪修-质享人群（36+）-ROI-9.28-视频,被计划暂停,不满足审核条件,通投,商品7日总下单ROI,笔记（商品组件）,689d7c9b000000001c012acf,5c6e75ba000000001201be11,视频笔记,6870db9364e96a0001db9d5f,商销通投托管-轻挺系列-自产-邪修-质享人群（36+）-ROI-9.28-视频,145270912,2025-09-28 08:42:59,0.00,0,0,0.0%,0.0,0.0,0,0.00,0.0,0,0,0.0,0,0,0.0,0,0.0,0,0.0,0,0.0,0,0.0,0,0.0,0,0.0,0,0.0,0,0.0,0,0.0,0.00,0.0,0,0,0
2407123214,商销通投托管-双层大胸-自产-真的牛-质享人群（36+）-ROI-9.2-视频,被计划暂停,不满足审核条件,通投,商品7日总下单ROI,笔记（商品组件）,68c91f43000000001003d681,5c6e75ba000000001201be11,视频笔记,6789ed6ef1397f0015ee9c10,商销通投托管-双层大胸-自产-真的牛-质享人群（36+）-ROI-9.2-视频,143890308,2025-09-22 11:29:47,0.00,0,0,0.0%,0.0,0.0,0,0.00,0.0,0,0,0.0,0,0,0.0,0,0.0,0,0.0,0,0.0,0,0.0,0,0.0,0,0.0,0,0.0,0,0.0,0,0.0,0.00,0.0,0,0,0
2406868478,商销通投托管-经典大胸-自产-天菜内衣-质享人群（36+）-ROI-9.22-视频,被计划暂停,审核通过,通投,商品7日总下单ROI,笔记（商品组件）,68ccaad3000000000b03c341,5c6e75ba000000001201be11,视频笔记,6789edbc2b5554001514e8f8,商销通投托管-经典大胸-自产-天菜内衣-质享人群（36+）-ROI-9.22-视频,143890122,2025-09-22 11:27:58,0.00,0,0,0.0%,0.0,0.0,0,0.00,0.0,0,0,0.0,0,0,0.0,0,0.0,0,0.0,0,0.0,0,0.0,0,0.0,0,0.0,0,0.0,0,0.0,0,0.0,0.00,0.0,0,0,0
2321432941,商销通投托管-糯糯杯大胸-自产-透气-细节装饰（36+）-ROI-9.12-视频,被计划暂停,审核通过,通投,商品7日总下单ROI,笔记（商品组件）,689b0905000000001c00c551,5c6e75ba000000001201be11,视频笔记,6789edff6dd9a600157bdae8,商销通投托管-糯糯杯大胸-自产-透气-细节装饰（36+）-ROI-9.12-视频,141404370,2025-09-12 10:20:47,0.00,0,0,0.0%,0.0,0.0,0,0.00,0.0,0,0,0.0,0,0,0.0,0,0.0,0,0.0,0,0.0,0,0.0,0,0.0,0,0.0,0,0.0,0,0.0,0,0.0,0.00,0.0,0,0,0
2303837447,商销通投托管-轻挺系列-自产-邪修-质享人群（36+）-ROI-9.10-视频,被计划暂停,不满足审核条件,通投,商品7日总下单ROI,笔记（商品组件）,689d7c9b000000001c012acf,5c6e75ba000000001201be11,视频笔记,6870db9364e96a0001db9d5f,商销通投托管-轻挺系列-自产-邪修-质享人群（36+）-ROI-9.10-视频,140752940,2025-09-10 11:49:36,0.00,0,0,0.0%,0.0,0.0,0,0.00,0.0,0,0,0.0,0,0,0.0,0,0.0,0,0.0,0,0.0,0,0.0,0,0.0,0,0.0,0,0.0,0,0.0,0,0.0,0.00,0.0,0,0,0
2303730601,商销通投托管-糯糯杯大胸-自产-透气-质享人群（36+）-ROI-9.10-视频,被计划暂停,不满足审核条件,通投,商品7日总下单ROI,笔记（商品组件）,689b0905000000001c00c551,5c6e75ba000000001201be11,视频笔记,6789edff6dd9a600157bdae8,商销通投托管-糯糯杯大胸-自产-透气-质享人群（36+）-ROI-9.10-视频,140747005,2025-09-10 11:48:48,0.00,0,0,0.0%,0.0,0.0,0,0.00,0.0,0,0,0.0,0,0,0.0,0,0.0,0,0.0,0,0.0,0,0.0,0,0.0,0,0.0,0,0.0,0,0.0,0,0.0,0.00,0.0,0,0,0
2303789945,商销通投托管-星河日系-自产-蕾丝战甲-质享人群（36+）-ROI-9.10,被计划暂停,审核通过,通投,商品7日总下单ROI,笔记（商品组件）,682566f600000000210187fe,5c6e75ba000000001201be11,视频笔记,6789ec0af1397f0015ee89f0,商销通投托管-星河日系-自产-蕾丝战甲-质享人群（36+）-ROI-9.10,140758766,2025-09-10 11:48:18,0.00,0,0,0.0%,0.0,0.0,0,0.00,0.0,0,0,0.0,0,0,0.0,0,0.0,0,0.0,0,0.0,0,0.0,0,0.0,0,0.0,0,0.0,0,0.0,0,0.0,0.00,0.0,0,0,0
2288037366,商销通投托管-轻挺系列-自产-托起-细节装饰（36+）-ROI-9.8-视频,被计划暂停,审核通过,通投,商品7日总下单ROI,笔记（商品组件）,68b79585000000001c012388,5c6e75ba000000001201be11,视频笔记,6870db9364e96a0001db9d5f,商销通投托管-轻挺系列-自产-托起-细节装饰（36+）-ROI-9.8-视频,140213214,2025-09-08 17:35:16,0.00,0,0,0.0%,0.0,0.0,0,0.00,0.0,0,0,0.0,0,0,0.0,0,0.0,0,0.0,0,0.0,0,0.0,0,0.0,0,0.0,0,0.0,0,0.0,0,0.0,0.00,0.0,0,0,0
2254970015,商销通投托管-星河日系-自产-蕾-细节装饰（36+）-ROI-9.4,被计划暂停,不满足审核条件,通投,商品7日总下单ROI,笔记（商品组件）,682566f600000000210187fe,5c6e75ba000000001201be11,视频笔记,6789ec0af1397f0015ee89f0,商销通投托管-星河日系-自产-蕾丝战甲-细节装饰（36+）-ROI-9.4,139218505,2025-09-04 17:08:23,0.00,0,0,0.0%,0.0,0.0,0,0.00,0.0,0,0,0.0,0,0,0.0,0,0.0,0,0.0,0,0.0,0,0.0,0,0.0,0,0.0,0,0.0,0,0.0,0,0.0,0.00,0.0,0,0,0
2252453646,商销通投托管-糯糯杯大胸-自产-透气-高级感穿搭（36+）-ROI-9.4-视频,被计划暂停,不满足审核条件,通投,商品7日总下单ROI,笔记（商品组件）,689b0905000000001c00c551,5c6e75ba000000001201be11,视频笔记,6789edff6dd9a600157bdae8,商销通投托管-糯糯杯大胸-自产-透气-高级感穿搭（36+）-ROI-9.4-视频,139133336,2025-09-04 11:19:47,0.00,0,0,0.0%,0.0,0.0,0,0.00,0.0,0,0,0.0,0,0,0.0,0,0.0,0,0.0,0,0.0,0,0.0,0,0.0,0,0.0,0,0.0,0,0.0,0,0.0,0.00,0.0,0,0,0
2225309646,商销通投托管-经典大胸-自产-秘诀-细节装饰（36+）-ROI-9.1,被计划暂停,不满足审核条件,通投,商品7日总下单ROI,笔记（商品组件）,68535e410000000023004488,5c6e75ba000000001201be11,图文笔记,680f2bea7ccb2300018b8764,商销通投托管-经典大胸-自产-秘诀-细节装饰（36+）-ROI-9.1,138319826,2025-09-01 11:00:32,0.00,0,0,0.0%,0.0,0.0,0,0.00,0.0,0,0,0.0,0,0,0.0,0,0.0,0,0.0,0,0.0,0,0.0,0,0.0,0,0.0,0,0.0,0,0.0,0,0.0,0.00,0.0,0,0,0
2225526128,商销通投托管-经典大胸-自产-DNA-细节装饰（36+）-ROI-9.1-视频,被计划暂停,不满足审核条件,通投,商品7日总下单ROI,笔记（商品组件）,680613b4000000001d01fafe,5c6e75ba000000001201be11,视频笔记,6789edbc2b5554001514e8f8,商销通投托管-经典大胸-自产-DNA-细节装饰（36+）-ROI-9.1-视频,138313995,2025-09-01 10:59:56,0.00,0,0,0.0%,0.0,0.0,0,0.00,0.0,0,0,0.0,0,0,0.0,0,0.0,0,0.0,0,0.0,0,0.0,0,0.0,0,0.0,0,0.0,0,0.0,0,0.0,0.00,0.0,0,0,0
2225415126,商销通投托管-糯糯杯大胸-自产-透气-细节装饰（36+）-ROI-9.1-视频,被计划暂停,审核通过,通投,商品7日总下单ROI,笔记（商品组件）,689b0905000000001c00c551,5c6e75ba000000001201be11,视频笔记,6789edff6dd9a600157bdae8,商销通投托管-糯糯杯大胸-自产-透气-细节装饰（36+）-ROI-9.1-视频,138319749,2025-09-01 10:59:00,0.00,0,0,0.0%,0.0,0.0,0,0.00,0.0,0,0,0.0,0,0,0.0,0,0.0,0,0.0,0,0.0,0,0.0,0,0.0,0,0.0,0,0.0,0,0.0,0,0.0,0.00,0.0,0,0,0
2225413943,商销通投托管-糯糯杯大胸-自产-美晕-细节装饰（36+）-ROI-9.1,被计划暂停,不满足审核条件,通投,商品7日总下单ROI,笔记（商品组件）,67ebb578000000001e006c94,5c6e75ba000000001201be11,图文笔记,6789edff6dd9a600157bdae8,商销通投托管-糯糯杯大胸-自产-美晕-细节装饰（36+）-ROI-9.1,138325517,2025-09-01 10:57:54,0.00,0,0,0.0%,0.0,0.0,0,0.00,0.0,0,0,0.0,0,0,0.0,0,0.0,0,0.0,0,0.0,0,0.0,0,0.0,0,0.0,0,0.0,0,0.0,0,0.0,0.00,0.0,0,0,0
2225522854,商销通投托管-轻挺系列-自产-四季-细节装饰（36+）-ROI-9.1-视频,被计划暂停,不满足审核条件,通投,商品7日总下单ROI,笔记（商品组件）,68a837e1000000001b01effb,5c6e75ba000000001201be11,视频笔记,6870db9364e96a0001db9d5f,商销通投托管-轻挺系列-自产-四季-细节装饰（36+）-ROI-9.1-视频,138343379,2025-09-01 10:57:02,0.00,0,0,0.0%,0.0,0.0,0,0.00,0.0,0,0,0.0,0,0,0.0,0,0.0,0,0.0,0,0.0,0,0.0,0,0.0,0,0.0,0,0.0,0,0.0,0,0.0,0.00,0.0,0,0,0
2225522061,商销通投托管-轻挺系列-自产-邪修-细节装饰（36+）-ROI-9.1-视频,有效,审核通过,通投,商品7日总下单ROI,笔记（商品组件）,689d7c9b000000001c012acf,5c6e75ba000000001201be11,视频笔记,6870db9364e96a0001db9d5f,商销通投托管-轻挺系列-自产-邪修-细节装饰（36+）-ROI-9.1-视频,138313858,2025-09-01 10:56:28,31.40,1189,37,3.11%,0.85,26.41,0,0.00,0.0,0,0,0.0,0,0,0.0,19,1.65,4,7.85,1,31.4,149.0,4.75,1,31.4,149.0,4.75,0,0.0,0.0,0.0,0,0.0,0.00,0.0,18,1,149.0
1990633253,商销通投托管-经典大胸-自产-木瓜--高级感穿搭（36+）-ROI-8.6-视频,被计划暂停,不满足审核条件,通投,商品7日总下单ROI,笔记（商品组件）,68833ca5000000002201cfca,5c6e75ba000000001201be11,视频笔记,6789edbc2b5554001514e8f8,商销通投托管-经典大胸-自产-木瓜--高级感穿搭（36+）-ROI-8.6-视频,132677428,2025-08-06 10:14:28,0.00,0,0,0.0%,0.0,0.0,0,0.00,0.0,0,0,0.0,0,0,0.0,0,0.0,0,0.0,0,0.0,0,0.0,0,0.0,0,0.0,0,0.0,0,0.0,0,0.0,0.00,0.0,0,0,0
1990682230,商销通投托管-糯糯杯大胸-自产-美晕--高级感穿搭（36+）-ROI-8.6,被计划暂停,不满足审核条件,通投,商品7日总下单ROI,笔记（商品组件）,67ebb578000000001e006c94,5c6e75ba000000001201be11,图文笔记,6789edff6dd9a600157bdae8,商销通投托管-糯糯杯大胸-自产-美晕--高级感穿搭（36+）-ROI-8.6,132666733,2025-08-06 10:12:20,0.00,0,0,0.0%,0.0,0.0,0,0.00,0.0,0,0,0.0,0,0,0.0,0,0.0,0,0.0,0,0.0,0,0.0,0,0.0,0,0.0,0,0.0,0,0.0,0,0.0,0.00,0.0,0,0,0
1990615146,商销通投托管-经典大胸-自产-高级-高级感穿搭（36+）-ROI-8.6-视频,被计划暂停,审核通过,通投,商品7日总下单ROI,笔记（商品组件）,68919d82000000002303639e,5c6e75ba000000001201be11,视频笔记,6789edbc2b5554001514e8f8,商销通投托管-经典大胸-自产-高级-高级感穿搭（36+）-ROI-8.6-视频,132666528,2025-08-06 10:08:01,0.00,0,0,0.0%,0.0,0.0,0,0.00,0.0,0,0,0.0,0,0,0.0,0,0.0,0,0.0,0,0.0,0,0.0,0,0.0,0,0.0,0,0.0,0,0.0,0,0.0,0.00,0.0,0,0,0
1990577227,商销通投托管-救星杯-自产-纠正-高级感穿搭（36+）-ROI-8.6-视频,被计划暂停,不满足审核条件,通投,商品7日总下单ROI,笔记（商品组件）,68905fe1000000002302ee3d,5c6e75ba000000001201be11,视频笔记,68778665417c3f00015c6097,商销通投托管-救星杯-自产-纠正-高级感穿搭（36+）-ROI-8.6-视频,132680236,2025-08-06 10:07:32,0.00,0,0,0.0%,0.0,0.0,0,0.00,0.0,0,0,0.0,0,0,0.0,0,0.0,0,0.0,0,0.0,0,0.0,0,0.0,0,0.0,0,0.0,0,0.0,0,0.0,0.00,0.0,0,0,0
1990576389,商销通投托管-双层大胸-自产-夏天-高级感穿搭（36+）-ROI-8.6-视频,被计划暂停,审核通过,通投,商品7日总下单ROI,笔记（商品组件）,689061cc0000000023036800,5c6e75ba000000001201be11,视频笔记,6789ed6ef1397f0015ee9c10,商销通投托管-双层大胸-自产-夏天-高级感穿搭（36+）-ROI-8.6-视频,132671197,2025-08-06 10:07:06,0.00,0,0,0.0%,0.0,0.0,0,0.00,0.0,0,0,0.0,0,0,0.0,0,0.0,0,0.0,0,0.0,0,0.0,0,0.0,0,0.0,0,0.0,0,0.0,0,0.0,0.00,0.0,0,0,0
1984916795,商销通投托管-轻挺系列-自产-防凸-品牌人群（36+）-ROI-8.5-视频,被计划暂停,审核通过,通投,商品7日总下单ROI,笔记（商品组件）,686cbb5200000000220330fb,5c6e75ba000000001201be11,视频笔记,"6870db9364e96a0001db9d5f,6789ec4e2b5554001514d798,6789ed58f1397f0015ee9b9f",商销通投托管-轻挺系列-自产-防凸-品牌人群（36+）-ROI-8.5-视频,132536674,2025-08-05 16:39:42,0.00,0,0,0.0%,0.0,0.0,0,0.00,0.0,0,0,0.0,0,0,0.0,0,0.0,0,0.0,0,0.0,0,0.0,0,0.0,0,0.0,0,0.0,0,0.0,0,0.0,0.00,0.0,0,0,0
1984854442,商销通投托管-轻挺系列-自产-烦恼-品牌人群（36+）-ROI-8.5-视频,被计划暂停,不满足审核条件,通投,商品7日总下单ROI,笔记（商品组件）,6887219a000000001c0323c3,5c6e75ba000000001201be11,视频笔记,6870db9364e96a0001db9d5f,商销通投托管-轻挺系列-自产-烦恼-品牌人群（36+）-ROI-8.5-视频,132533815,2025-08-05 16:38:12,0.00,0,0,0.0%,0.0,0.0,0,0.00,0.0,0,0,0.0,0,0,0.0,0,0.0,0,0.0,0,0.0,0,0.0,0,0.0,0,0.0,0,0.0,0,0.0,0,0.0,0.00,0.0,0,0,0
1984816516,商销通投托管-经典大胸-自产-DNA-品牌人群（36+）-ROI-8.5-视频,被计划暂停,不满足审核条件,通投,商品7日总下单ROI,笔记（商品组件）,680613b4000000001d01fafe,5c6e75ba000000001201be11,视频笔记,6789edbc2b5554001514e8f8,商销通投托管-经典大胸-自产-DNA-品牌人群（36+）-ROI-8.5-视频,132542192,2025-08-05 16:37:35,0.00,0,0,0.0%,0.0,0.0,0,0.00,0.0,0,0,0.0,0,0,0.0,0,0.0,0,0.0,0,0.0,0,0.0,0,0.0,0,0.0,0,0.0,0,0.0,0,0.0,0.00,0.0,0,0,0
1984765952,商销通投托管-糯糯杯大胸-自产-大胸显瘦-品牌人群（36+）-ROI-8.5,被计划暂停,审核通过,通投,商品7日总下单ROI,笔记（商品组件）,67c166ae000000000903b4ad,5c6e75ba000000001201be11,图文笔记,6789edff6dd9a600157bdae8,商销通投托管-糯糯杯大胸-自产-大胸显瘦-品牌人群（36+）-ROI-8.5,132517727,2025-08-05 16:36:56,0.00,0,0,0.0%,0.0,0.0,0,0.00,0.0,0,0,0.0,0,0,0.0,0,0.0,0,0.0,0,0.0,0,0.0,0,0.0,0,0.0,0,0.0,0,0.0,0,0.0,0.00,0.0,0,0,0
1974289325,商销通投托管-糯糯杯大胸-自产-大胸显瘦-核心（36+）-ROI-8.4,被计划暂停,审核通过,通投,商品7日总下单ROI,笔记（商品组件）,67c166ae000000000903b4ad,5c6e75ba000000001201be11,图文笔记,6789edff6dd9a600157bdae8,商销通投托管-糯糯杯大胸-自产-大胸显瘦-核心（36+）-ROI-8.4,132212607,2025-08-04 10:48:29,0.00,0,0,0.0%,0.0,0.0,0,0.00,0.0,0,0,0.0,0,0,0.0,0,0.0,0,0.0,0,0.0,0,0.0,0,0.0,0,0.0,0,0.0,0,0.0,0,0.0,0.00,0.0,0,0,0
1974341767,商销通投托管-糯糯杯大胸-自产-大胸显瘦-店铺人群-ROI-8.4,被计划暂停,审核通过,通投,商品7日总下单ROI,笔记（商品组件）,67c166ae000000000903b4ad,5c6e75ba000000001201be11,图文笔记,6789edff6dd9a600157bdae8,商销通投托管-糯糯杯大胸-自产-大胸显瘦-店铺人群-ROI-8.4,132224271,2025-08-04 10:48:02,0.00,0,0,0.0%,0.0,0.0,0,0.00,0.0,0,0,0.0,0,0,0.0,0,0.0,0,0.0,0,0.0,0,0.0,0,0.0,0,0.0,0,0.0,0,0.0,0,0.0,0.00,0.0,0,0,0
1974184153,商销通投托管-经典大胸-自产-DNA-核心（36+）-ROI-8.4-视频,被计划暂停,不满足审核条件,通投,商品7日总下单ROI,笔记（商品组件）,680613b4000000001d01fafe,5c6e75ba000000001201be11,视频笔记,6789edbc2b5554001514e8f8,商销通投托管-经典大胸-自产-DNA-核心（36+）-ROI-8.4-视频,132212550,2025-08-04 10:47:17,0.00,0,0,0.0%,0.0,0.0,0,0.00,0.0,0,0,0.0,0,0,0.0,0,0.0,0,0.0,0,0.0,0,0.0,0,0.0,0,0.0,0,0.0,0,0.0,0,0.0,0.00,0.0,0,0,0
1974134507,商销通投托管-经典大胸-自产-DNA-店铺人群-ROI-8.4-视频,被计划暂停,审核通过,通投,商品7日总下单ROI,笔记（商品组件）,680613b4000000001d01fafe,5c6e75ba000000001201be11,视频笔记,6789edbc2b5554001514e8f8,商销通投托管-经典大胸-自产-DNA-店铺人群-ROI-8.4-视频,132209844,2025-08-04 10:46:38,0.00,0,0,0.0%,0.0,0.0,0,0.00,0.0,0,0,0.0,0,0,0.0,0,0.0,0,0.0,0,0.0,0,0.0,0,0.0,0,0.0,0,0.0,0,0.0,0,0.0,0.00,0.0,0,0,0
1974183017,商销通投托管-轻挺系列-自产-烦恼-核心（36+）-ROI-8.4-视频,被计划暂停,不满足审核条件,通投,商品7日总下单ROI,笔记（商品组件）,6887219a000000001c0323c3,5c6e75ba000000001201be11,视频笔记,6870db9364e96a0001db9d5f,商销通投托管-轻挺系列-自产-烦恼-核心（36+）-ROI-8.4-视频,132212489,2025-08-04 10:45:49,0.00,0,0,0.0%,0.0,0.0,0,0.00,0.0,0,0,0.0,0,0,0.0,0,0.0,0,0.0,0,0.0,0,0.0,0,0.0,0,0.0,0,0.0,0,0.0,0,0.0,0.00,0.0,0,0,0
1974039341,商销通投托管-轻挺系列-自产-烦恼-店铺人群-ROI-8.4-视频,被计划暂停,不满足审核条件,通投,商品7日总下单ROI,笔记（商品组件）,6887219a000000001c0323c3,5c6e75ba000000001201be11,视频笔记,6870db9364e96a0001db9d5f,商销通投托管-轻挺系列-自产-烦恼-店铺人群-ROI-8.4-视频,132212455,2025-08-04 10:45:00,0.00,0,0,0.0%,0.0,0.0,0,0.00,0.0,0,0,0.0,0,0,0.0,0,0.0,0,0.0,0,0.0,0,0.0,0,0.0,0,0.0,0,0.0,0,0.0,0,0.0,0.00,0.0,0,0,0
1974284705,商销通投托管-轻挺系列-自产-防凸-核心（36+）-ROI-8.4-视频,被计划暂停,审核通过,通投,商品7日总下单ROI,笔记（商品组件）,686cbb5200000000220330fb,5c6e75ba000000001201be11,视频笔记,"6870db9364e96a0001db9d5f,6789ec4e2b5554001514d798,6789ed58f1397f0015ee9b9f",商销通投托管-轻挺系列-自产-防凸-核心（36+）-ROI-8.4-视频,132209737,2025-08-04 10:44:12,0.00,0,0,0.0%,0.0,0.0,0,0.00,0.0,0,0,0.0,0,0,0.0,0,0.0,0,0.0,0,0.0,0,0.0,0,0.0,0,0.0,0,0.0,0,0.0,0,0.0,0.00,0.0,0,0,0
1974125303,商销通投托管-轻挺系列-自产-防凸-店铺人群-ROI-8.4-视频,被计划暂停,审核通过,通投,商品7日总下单ROI,笔记（商品组件）,686cbb5200000000220330fb,5c6e75ba000000001201be11,视频笔记,6789ec4e2b5554001514d798,商销通投托管-轻挺系列-自产-防凸-店铺人群-ROI-8.4-视频,132209656,2025-08-04 10:42:41,0.00,0,0,0.0%,0.0,0.0,0,0.00,0.0,0,0,0.0,0,0,0.0,0,0.0,0,0.0,0,0.0,0,0.0,0,0.0,0,0.0,0,0.0,0,0.0,0,0.0,0.00,0.0,0,0,0
1820339695,商销通投托管-经典大胸-自产-DNA-品牌人群（36+）-ROI-7.15,被计划暂停,审核通过,通投,商品7日总下单ROI,笔记（商品组件）,680613b4000000001d01fafe,5c6e75ba000000001201be11,视频笔记,6789edbc2b5554001514e8f8,商销通投托管-经典大胸-自产-DNA-品牌人群（36+）-ROI-7.15,128251489,2025-07-15 10:01:09,0.00,0,0,0.0%,0.0,0.0,0,0.00,0.0,0,0,0.0,0,0,0.0,0,0.0,0,0.0,0,0.0,0,0.0,0,0.0,0,0.0,0,0.0,0,0.0,0,0.0,0.00,0.0,0,0,0
1820338715,商销通投托管-糯糯杯大胸-自产-天菜-高级感穿搭（36+）-ROI-7.15,被计划暂停,审核通过,通投,商品7日总下单ROI,笔记（商品组件）,67da2993000000000b01592f,5c6e75ba000000001201be11,图文笔记,6789edff6dd9a600157bdae8,商销通投托管-糯糯杯大胸-自产-天菜-高级感穿搭（36+）-ROI-7.15,128251482,2025-07-15 10:00:50,0.00,0,0,0.0%,0.0,0.0,0,0.00,0.0,0,0,0.0,0,0,0.0,0,0.0,0,0.0,0,0.0,0,0.0,0,0.0,0,0.0,0,0.0,0,0.0,0,0.0,0.00,0.0,0,0,0
1813360413,商销通投托管-双层大胸-自产-回不去-23~35-ROI-7.14,被计划暂停,不满足审核条件,通投,商品7日总下单ROI,笔记（商品组件）,686cbd16000000002400dc0b,5c6e75ba000000001201be11,视频笔记,6789ed6ef1397f0015ee9c10,商销通投托管-双层大胸-自产-回不去-23~35-ROI-7.14,128114898,2025-07-14 10:55:41,0.00,0,0,0.0%,0.0,0.0,0,0.00,0.0,0,0,0.0,0,0,0.0,0,0.0,0,0.0,0,0.0,0,0.0,0,0.0,0,0.0,0,0.0,0,0.0,0,0.0,0.00,0.0,0,0,0
1813262517,商销通投托管-糯糯杯大胸-自产-美晕-23~35-ROI-7.14,被计划暂停,审核通过,通投,商品7日总下单ROI,笔记（商品组件）,67ebb578000000001e006c94,5c6e75ba000000001201be11,图文笔记,6789edff6dd9a600157bdae8,商销通投托管-糯糯杯大胸-自产-美晕-23~35-ROI-7.14,128109944,2025-07-14 10:54:16,0.00,0,0,0.0%,0.0,0.0,0,0.00,0.0,0,0,0.0,0,0,0.0,0,0.0,0,0.0,0,0.0,0,0.0,0,0.0,0,0.0,0,0.0,0,0.0,0,0.0,0.00,0.0,0,0,0
1813208077,商销通投托管-经典大胸-自产-天花板-23~35-ROI-7.14,被计划暂停,不满足审核条件,通投,商品7日总下单ROI,笔记（商品组件）,67f477e9000000001d03acdc,5c6e75ba000000001201be11,图文笔记,6789edbc2b5554001514e8f8,商销通投托管-经典大胸-自产-天花板-23~35-ROI-7.14,128126049,2025-07-14 10:53:41,0.00,0,0,0.0%,0.0,0.0,0,0.00,0.0,0,0,0.0,0,0,0.0,0,0.0,0,0.0,0,0.0,0,0.0,0,0.0,0,0.0,0,0.0,0,0.0,0,0.0,0.00,0.0,0,0,0
1813053703,商销通投托管-星河日系-自产-蕾丝战甲-23~35-ROI-7.14,被计划暂停,不满足审核条件,通投,商品7日总下单ROI,笔记（商品组件）,682566f600000000210187fe,5c6e75ba000000001201be11,视频笔记,6789ec0af1397f0015ee89f0,商销通投托管-星河日系-自产-蕾丝战甲-23~35-ROI-7.14,128120307,2025-07-14 10:52:30,0.00,0,0,0.0%,0.0,0.0,0,0.00,0.0,0,0,0.0,0,0,0.0,0,0.0,0,0.0,0,0.0,0,0.0,0,0.0,0,0.0,0,0.0,0,0.0,0,0.0,0.00,0.0,0,0,0
1813137337,商销通投托管-糯糯杯大胸-自产-显瘦魔法-23~35-ROI-7.14,被计划暂停,不满足审核条件,通投,商品7日总下单ROI,笔记（商品组件）,684b83d20000000021008435,5c6e75ba000000001201be11,图文笔记,6789edff6dd9a600157bdae8,商销通投托管-糯糯杯大胸-自产-显瘦魔法-23~35-ROI-7.14,128095510,2025-07-14 10:41:29,0.00,0,0,0.0%,0.0,0.0,0,0.00,0.0,0,0,0.0,0,0,0.0,0,0.0,0,0.0,0,0.0,0,0.0,0,0.0,0,0.0,0,0.0,0,0.0,0,0.0,0.00,0.0,0,0,0
1813245888,商销通投托管-轻挺系列-自产-夏日必备-23~35-ROI-7.14,被计划暂停,审核通过,通投,商品7日总下单ROI,笔记（商品组件）,685b984b000000002001ad07,5c6e75ba000000001201be11,视频笔记,6789ec4e2b5554001514d798,商销通投托管-轻挺系列-自产-夏日必备-23~35-ROI-7.14,128100500,2025-07-14 10:40:02,0.00,0,0,0.0%,0.0,0.0,0,0.00,0.0,0,0,0.0,0,0,0.0,0,0.0,0,0.0,0,0.0,0,0.0,0,0.0,0,0.0,0,0.0,0,0.0,0,0.0,0.00,0.0,0,0,0
1787760513,商销通投托管-轻挺系列-自产-防凸-品牌人群（36+）-ROI-7.10-视频,被计划暂停,审核通过,通投,商品7日总下单ROI,笔记（商品组件）,686cbb5200000000220330fb,5c6e75ba000000001201be11,视频笔记,6789ec4e2b5554001514d798,商销通投托管-轻挺系列-自产-防凸-品牌人群（36+）-ROI-7.10-视频,127573884,2025-07-10 15:02:52,0.00,0,0,0.0%,0.0,0.0,0,0.00,0.0,0,0,0.0,0,0,0.0,0,0.0,0,0.0,0,0.0,0,0.0,0,0.0,0,0.0,0,0.0,0,0.0,0,0.0,0.00,0.0,0,0,0
1787759140,商销通投托管-轻挺系列-自产-拒绝将就-品牌人群（36+）-ROI-7.10,被计划暂停,审核通过,通投,商品7日总下单ROI,笔记（商品组件）,6854b16c000000002001bb34,5c6e75ba000000001201be11,图文笔记,6789ec4e2b5554001514d798,商销通投托管-轻挺系列-自产-拒绝将就-品牌人群（36+）-ROI-7.10,127578699,2025-07-10 15:02:10,0.00,0,0,0.0%,0.0,0.0,0,0.00,0.0,0,0,0.0,0,0,0.0,0,0.0,0,0.0,0,0.0,0,0.0,0,0.0,0,0.0,0,0.0,0,0.0,0,0.0,0.00,0.0,0,0,0
1760763100,商销通投托管-轻挺系列-自产-夏日必备-品牌人群（36+）-ROI-7.7,被计划暂停,审核通过,通投,商品7日总下单ROI,笔记（商品组件）,685b984b000000002001ad07,5c6e75ba000000001201be11,视频笔记,6789ec4e2b5554001514d798,商销通投托管-轻挺系列-自产-夏日必备-品牌人群（36+）-ROI-7.7,127069854,2025-07-07 09:20:53,0.00,0,0,0.0%,0.0,0.0,0,0.00,0.0,0,0,0.0,0,0,0.0,0,0.0,0,0.0,0,0.0,0,0.0,0,0.0,0,0.0,0,0.0,0,0.0,0,0.0,0.00,0.0,0,0,0
1760818451,商销通投托管-经典大胸-自产-秘诀-品牌人群（36+）-ROI-7.7,被计划暂停,不满足审核条件,通投,商品7日总下单ROI,笔记（商品组件）,68535e410000000023004488,5c6e75ba000000001201be11,图文笔记,680f2bea7ccb2300018b8764,商销通投托管-经典大胸-自产-秘诀-品牌人群（36+）-ROI-7.7,127085976,2025-07-07 09:20:20,0.00,0,0,0.0%,0.0,0.0,0,0.00,0.0,0,0,0.0,0,0,0.0,0,0.0,0,0.0,0,0.0,0,0.0,0,0.0,0,0.0,0,0.0,0,0.0,0,0.0,0.00,0.0,0,0,0
1730004939,商销通投托管-糯糯杯大胸-自产-天菜-高级感穿搭（36+）-ROI-7.4,被计划暂停,不满足审核条件,通投,商品7日总下单ROI,笔记（商品组件）,67da2993000000000b01592f,5c6e75ba000000001201be11,图文笔记,6789edff6dd9a600157bdae8,商销通投托管-糯糯杯大胸-自产-天菜-高级感穿搭（36+）-ROI-7.4,126766987,2025-07-04 09:59:47,0.00,0,0,0.0%,0.0,0.0,0,0.00,0.0,0,0,0.0,0,0,0.0,0,0.0,0,0.0,0,0.0,0,0.0,0,0.0,0,0.0,0,0.0,0,0.0,0,0.0,0.00,0.0,0,0,0
1729995232,商销通投托管-糯糯杯大胸-自产-天菜-店铺行为（36+）-ROI-7.4,被计划暂停,不满足审核条件,通投,商品7日总下单ROI,笔记（商品组件）,67da2993000000000b01592f,5c6e75ba000000001201be11,图文笔记,6789edff6dd9a600157bdae8,商销通投托管-糯糯杯大胸-自产-天菜-店铺行为（36+）-ROI-7.4,126771452,2025-07-04 09:50:52,0.00,0,0,0.0%,0.0,0.0,0,0.00,0.0,0,0,0.0,0,0,0.0,0,0.0,0,0.0,0,0.0,0,0.0,0,0.0,0,0.0,0,0.0,0,0.0,0,0.0,0.00,0.0,0,0,0
1730107144,商销通投托管-经典大胸-自产-显瘦神器-品牌人群（36+）-ROI-7.4,被计划暂停,不满足审核条件,通投,商品7日总下单ROI,笔记（商品组件）,67c16251000000000d01580e,5c6e75ba000000001201be11,图文笔记,6789edbc2b5554001514e8f8,商销通投托管-经典大胸-自产-显瘦神器-品牌人群（36+）-ROI-7.4,126782414,2025-07-04 09:46:36,0.00,0,0,0.0%,0.0,0.0,0,0.00,0.0,0,0,0.0,0,0,0.0,0,0.0,0,0.0,0,0.0,0,0.0,0,0.0,0,0.0,0,0.0,0,0.0,0,0.0,0.00,0.0,0,0,0
1730166506,商销通投托管-经典大胸-自产-DNA-品牌人群（36+）-ROI-7.4,被计划暂停,审核通过,通投,商品7日总下单ROI,笔记（商品组件）,680613b4000000001d01fafe,5c6e75ba000000001201be11,视频笔记,6789edbc2b5554001514e8f8,商销通投托管-经典大胸-自产-DNA-品牌人群（36+）-ROI-7.4,126762709,2025-07-04 09:45:33,0.00,0,0,0.0%,0.0,0.0,0,0.00,0.0,0,0,0.0,0,0,0.0,0,0.0,0,0.0,0,0.0,0,0.0,0,0.0,0,0.0,0,0.0,0,0.0,0,0.0,0.00,0.0,0,0,0
1672456259,商销通投托管-经典大胸-自产-显瘦又高级-细节装饰（36+）-ROI-6.25,被计划暂停,审核通过,通投,商品7日总下单ROI,笔记（商品组件）,6854cb58000000002203e304,5c6e75ba000000001201be11,图文笔记,6789edbc2b5554001514e8f8,商销通投托管-经典大胸-自产-显瘦又高级-细节装饰（36+）-ROI-6.25,125462137,2025-06-25 10:16:35,0.00,0,0,0.0%,0.0,0.0,0,0.00,0.0,0,0,0.0,0,0,0.0,0,0.0,0,0.0,0,0.0,0,0.0,0,0.0,0,0.0,0,0.0,0,0.0,0,0.0,0.00,0.0,0,0,0
1672664661,商销通投托管-星河系列2.0-自产-圆润-细节装饰（36+）-ROI-6.25,被计划暂停,审核通过,通投,商品7日总下单ROI,笔记（商品组件）,67ff6440000000001c00053b,5c6e75ba000000001201be11,图文笔记,6789ee3c20e47e0015e24e73,商销通投托管-星河系列2.0-自产-圆润-细节装饰（36+）-ROI-6.25,125441727,2025-06-25 10:10:49,0.00,0,0,0.0%,0.0,0.0,0,0.00,0.0,0,0,0.0,0,0,0.0,0,0.0,0,0.0,0,0.0,0,0.0,0,0.0,0,0.0,0,0.0,0,0.0,0,0.0,0.00,0.0,0,0,0
1662401838,商销自定义-糯糯杯大胸-自产-被问爆-系统-ROI-6.24-测试,暂停,审核通过,通投,商品7日总下单ROI,笔记（商品组件）,685361360000000023004f36,5c6e75ba000000001201be11,图文笔记,6789edff6dd9a600157bdae8,商销自定义-糯糯杯大胸-自产-赛马-系统-ROI-6.24-测试,125166513,2025-06-23 16:23:37,0.00,0,0,0.0%,0.0,0.0,0,0.00,0.0,0,0,0.0,0,0,0.0,0,0.0,0,0.0,0,0.0,0,0.0,0,0.0,0,0.0,0,0.0,0,0.0,0,0.0,0.00,0.0,0,0,0
1662401837,商销自定义-糯糯杯大胸-自产-显瘦魔法-系统-ROI-6.24-测试,暂停,审核通过,通投,商品7日总下单ROI,笔记（商品组件）,684b83d20000000021008435,5c6e75ba000000001201be11,图文笔记,6789edff6dd9a600157bdae8,商销自定义-糯糯杯大胸-自产-赛马-系统-ROI-6.24-测试,125166513,2025-06-23 16:23:37,0.00,0,0,0.0%,0.0,0.0,0,0.00,0.0,0,0,0.0,0,0,0.0,0,0.0,0,0.0,0,0.0,0,0.0,0,0.0,0,0.0,0,0.0,0,0.0,0,0.0,0.00,0.0,0,0,0
1662085653,商销自定义-经典大胸-自产-拒绝将就-系统-ROI-6.24-测试,暂停,审核通过,通投,商品7日总下单ROI,笔记（商品组件）,68535e410000000023004488,5c6e75ba000000001201be11,图文笔记,680f2bea7ccb2300018b8764,商销自定义-经典大胸-自产-赛马-系统-ROI-6.24-测试,125155268,2025-06-23 16:10:47,0.00,0,0,0.0%,0.0,0.0,0,0.00,0.0,0,0,0.0,0,0,0.0,0,0.0,0,0.0,0,0.0,0,0.0,0,0.0,0,0.0,0,0.0,0,0.0,0,0.0,0.00,0.0,0,0,0
1662085652,商销自定义-经典大胸-自产-显瘦有高级-系统-ROI-6.24-测试,暂停,审核通过,通投,商品7日总下单ROI,笔记（商品组件）,6854cb58000000002203e304,5c6e75ba000000001201be11,图文笔记,6789edbc2b5554001514e8f8,商销自定义-经典大胸-自产-赛马-系统-ROI-6.24-测试,125155268,2025-06-23 16:10:47,0.00,0,0,0.0%,0.0,0.0,0,0.00,0.0,0,0,0.0,0,0,0.0,0,0.0,0,0.0,0,0.0,0,0.0,0,0.0,0,0.0,0,0.0,0,0.0,0,0.0,0.00,0.0,0,0,0
1661239582,商销通投托管-糯糯杯大胸-自产-显瘦魔法-品牌人群-ROI-6.23,被计划暂停,不满足审核条件,通投,商品7日总下单ROI,笔记（商品组件）,684b83d20000000021008435,5c6e75ba000000001201be11,图文笔记,6789edff6dd9a600157bdae8,商销通投托管-糯糯杯大胸-自产-显瘦魔法-品牌人群-ROI-6.23,125113897,2025-06-23 14:04:39,0.00,0,0,0.0%,0.0,0.0,0,0.00,0.0,0,0,0.0,0,0,0.0,0,0.0,0,0.0,0,0.0,0,0.0,0,0.0,0,0.0,0,0.0,0,0.0,0,0.0,0.00,0.0,0,0,0
1661298498,商销通投托管-糯糯杯大胸-自产-貌美-细节装饰（36+）-ROI-6.23,被计划暂停,审核通过,通投,商品7日总下单ROI,笔记（商品组件）,6841471c000000002102f679,5c6e75ba000000001201be11,视频笔记,6789edff6dd9a600157bdae8,商销通投托管-糯糯杯大胸-自产-貌美-细节装饰（36+）-ROI-6.23,125136057,2025-06-23 14:03:23,0.00,0,0,0.0%,0.0,0.0,0,0.00,0.0,0,0,0.0,0,0,0.0,0,0.0,0,0.0,0,0.0,0,0.0,0,0.0,0,0.0,0,0.0,0,0.0,0,0.0,0.00,0.0,0,0,0
1626165319,商销通投托管-糯糯杯大胸-自产-天菜-细节装饰（36+）-ROI-6.17,被计划暂停,审核通过,通投,商品7日总下单ROI,笔记（商品组件）,67da2993000000000b01592f,5c6e75ba000000001201be11,图文笔记,6789edff6dd9a600157bdae8,商销通投托管-糯糯杯大胸-自产-天菜-细节装饰（36+）-ROI-6.17,124227003,2025-06-17 09:46:17,0.00,0,0,0.0%,0.0,0.0,0,0.00,0.0,0,0,0.0,0,0,0.0,0,0.0,0,0.0,0,0.0,0,0.0,0,0.0,0,0.0,0,0.0,0,0.0,0,0.0,0.00,0.0,0,0,0
1625937391,商销通投托管-糯糯杯大胸-自产-天菜-618大促-ROI-6.17,被计划暂停,不满足审核条件,通投,商品7日总下单ROI,笔记（商品组件）,67da2993000000000b01592f,5c6e75ba000000001201be11,图文笔记,6789edff6dd9a600157bdae8,商销通投托管-糯糯杯大胸-自产-天菜-618大促-ROI-6.17,124204635,2025-06-17 09:45:47,0.00,0,0,0.0%,0.0,0.0,0,0.00,0.0,0,0,0.0,0,0,0.0,0,0.0,0,0.0,0,0.0,0,0.0,0,0.0,0,0.0,0,0.0,0,0.0,0,0.0,0.00,0.0,0,0,0
1626050439,商销通投托管-测线美-自产-侧颜-618大促-ROI-6.17,被计划暂停,不满足审核条件,通投,商品7日总下单ROI,笔记（商品组件）,6811ea2d000000002100bec3,5c6e75ba000000001201be11,图文笔记,6789e8f40cf30c001595bf23,商销通投托管-测线美-自产-侧颜-618大促-ROI-6.17,124215599,2025-06-17 09:45:09,0.00,0,0,0.0%,0.0,0.0,0,0.00,0.0,0,0,0.0,0,0,0.0,0,0.0,0,0.0,0,0.0,0,0.0,0,0.0,0,0.0,0,0.0,0,0.0,0,0.0,0.00,0.0,0,0,0
1625936610,商销通投托管-测线美-自产-侧颜-细节装饰（36+）-ROI-6.17,被计划暂停,不满足审核条件,通投,商品7日总下单ROI,笔记（商品组件）,6811ea2d000000002100bec3,5c6e75ba000000001201be11,图文笔记,6789e8f40cf30c001595bf23,商销通投托管-测线美-自产-侧颜-细节装饰（36+）-ROI-6.17,124226931,2025-06-17 09:44:37,0.00,0,0,0.0%,0.0,0.0,0,0.00,0.0,0,0,0.0,0,0,0.0,0,0.0,0,0.0,0,0.0,0,0.0,0,0.0,0,0.0,0,0.0,0,0.0,0,0.0,0.00,0.0,0,0,0
1598957974,商销通投托管-超薄蕾丝-自产-夏日救星-品牌人群-ROI-6.12,被计划暂停,不满足审核条件,通投,商品7日总下单ROI,笔记（商品组件）,681da2dc000000002002b406,5c6e75ba000000001201be11,图文笔记,680f2bea7ccb2300018b8764,商销通投托管-超薄蕾丝-自产-夏日救星-品牌人群-ROI-6.12,123408873,2025-06-12 11:17:33,0.00,0,0,0.0%,0.0,0.0,0,0.00,0.0,0,0,0.0,0,0,0.0,0,0.0,0,0.0,0,0.0,0,0.0,0,0.0,0,0.0,0,0.0,0,0.0,0,0.0,0.00,0.0,0,0,0
1598834684,商销通投托管-糯糯杯小胸-自产-圆圆-品牌人群-ROI-6.12,被计划暂停,审核通过,通投,商品7日总下单ROI,笔记（商品组件）,681daae0000000002102f808,5c6e75ba000000001201be11,图文笔记,6789edff6dd9a600157bdae8,商销通投托管-糯糯杯小胸-自产-圆圆-品牌人群-ROI-6.12,123414430,2025-06-12 11:08:06,0.00,0,0,0.0%,0.0,0.0,0,0.00,0.0,0,0,0.0,0,0,0.0,0,0.0,0,0.0,0,0.0,0,0.0,0,0.0,0,0.0,0,0.0,0,0.0,0,0.0,0.00,0.0,0,0,0
1599002980,商销通投托管-糯糯杯大胸-自产-貌美-品牌人群-ROI-6.12,被计划暂停,不满足审核条件,通投,商品7日总下单ROI,笔记（商品组件）,6841471c000000002102f679,5c6e75ba000000001201be11,视频笔记,6789edff6dd9a600157bdae8,商销通投托管-糯糯杯大胸-自产-貌美-品牌人群-ROI-6.12,123414335,2025-06-12 11:04:55,0.00,0,0,0.0%,0.0,0.0,0,0.00,0.0,0,0,0.0,0,0,0.0,0,0.0,0,0.0,0,0.0,0,0.0,0,0.0,0,0.0,0,0.0,0,0.0,0,0.0,0.00,0.0,0,0,0
1598945648,商销通投托管-经典大胸-自产-本命内衣-品牌人群-ROI-6.12,被计划暂停,不满足审核条件,通投,商品7日总下单ROI,笔记（商品组件）,6842a813000000002102fd62,5c6e75ba000000001201be11,图文笔记,680f2bea7ccb2300018b8764,商销通投托管-经典大胸-自产-本命内衣-品牌人群-ROI-6.12,123430726,2025-06-12 11:01:49,0.00,0,0,0.0%,0.0,0.0,0,0.00,0.0,0,0,0.0,0,0,0.0,0,0.0,0,0.0,0,0.0,0,0.0,0,0.0,0,0.0,0,0.0,0,0.0,0,0.0,0.00,0.0,0,0,0
1598186800,商销通投托管-经典大胸-自产-悟了-品牌人群-ROI-6.12-视频,被计划暂停,审核通过,通投,商品7日总下单ROI,笔记（商品组件）,67edeb41000000001b0240bc,5c6e75ba000000001201be11,视频笔记,6789edbc2b5554001514e8f8,商销通投托管-经典大胸-自产-悟了-品牌人群-ROI-6.12-视频,123411071,2025-06-12 09:52:12,0.00,0,0,0.0%,0.0,0.0,0,0.00,0.0,0,0,0.0,0,0,0.0,0,0.0,0,0.0,0,0.0,0,0.0,0,0.0,0,0.0,0,0.0,0,0.0,0,0.0,0.00,0.0,0,0,0
1579838041,商销通投托管-经典大胸-自产-大胸警告-618大促-ROI-6.9-视频,被计划暂停,审核通过,通投,商品7日总下单ROI,笔记（商品组件）,6811ced6000000002002ae7f,5c6e75ba000000001201be11,视频笔记,6789e8f40cf30c001595bf23,商销通投托管-经典大胸-自产-大胸警告-618大促-ROI-6.9-视频,122673276,2025-06-09 11:43:09,0.00,0,0,0.0%,0.0,0.0,0,0.00,0.0,0,0,0.0,0,0,0.0,0,0.0,0,0.0,0,0.0,0,0.0,0,0.0,0,0.0,0,0.0,0,0.0,0,0.0,0.00,0.0,0,0,0
1579779906,商销通投托管-经典大胸-自产-大胸警告-细节装饰（36+）-ROI-6.9-视频,被计划暂停,审核通过,通投,商品7日总下单ROI,笔记（商品组件）,6811ced6000000002002ae7f,5c6e75ba000000001201be11,视频笔记,6789e8f40cf30c001595bf23,商销通投托管-经典大胸-自产-大胸警告-细节装饰（36+）-ROI-6.9-视频,122673259,2025-06-09 11:42:46,0.00,0,0,0.0%,0.0,0.0,0,0.00,0.0,0,0,0.0,0,0,0.0,0,0.0,0,0.0,0,0.0,0,0.0,0,0.0,0,0.0,0,0.0,0,0.0,0,0.0,0.00,0.0,0,0,0
1579904553,商销通投托管-经典大胸-自产-悟了-618大促-ROI-6.9-视频,被计划暂停,不满足审核条件,通投,商品7日总下单ROI,笔记（商品组件）,67edeb41000000001b0240bc,5c6e75ba000000001201be11,视频笔记,6789edbc2b5554001514e8f8,商销通投托管-经典大胸-自产-悟了-618大促-ROI-6.9-视频,122684873,2025-06-09 11:40:02,0.00,0,0,0.0%,0.0,0.0,0,0.00,0.0,0,0,0.0,0,0,0.0,0,0.0,0,0.0,0,0.0,0,0.0,0,0.0,0,0.0,0,0.0,0,0.0,0,0.0,0.00,0.0,0,0,0
1579774702,商销通投托管-经典大胸-自产-悟了-细节装饰（36+）-ROI-6.9-视频,被计划暂停,不满足审核条件,通投,商品7日总下单ROI,笔记（商品组件）,67edeb41000000001b0240bc,5c6e75ba000000001201be11,视频笔记,6789edbc2b5554001514e8f8,商销通投托管-经典大胸-自产-悟了-细节装饰（36+）-ROI-6.9-视频,122661692,2025-06-09 11:39:37,0.00,0,0,0.0%,0.0,0.0,0,0.00,0.0,0,0,0.0,0,0,0.0,0,0.0,0,0.0,0,0.0,0,0.0,0,0.0,0,0.0,0,0.0,0,0.0,0,0.0,0.00,0.0,0,0,0
1555942610,商销通投托管-测线美-自产-侧颜-23~35-ROI-6.5,被计划暂停,不满足审核条件,通投,商品7日总下单ROI,笔记（商品组件）,6811ea2d000000002100bec3,5c6e75ba000000001201be11,图文笔记,6789e8f40cf30c001595bf23,商销通投托管-测线美-自产-侧颜-23~35-ROI-6.5,121888849,2025-06-05 10:13:48,0.00,0,0,0.0%,0.0,0.0,0,0.00,0.0,0,0,0.0,0,0,0.0,0,0.0,0,0.0,0,0.0,0,0.0,0,0.0,0,0.0,0,0.0,0,0.0,0,0.0,0.00,0.0,0,0,0
1555940701,商销通投托管-经典大胸-自产-大胸警告-23~35-ROI-6.5-视频,被计划暂停,不满足审核条件,通投,商品7日总下单ROI,笔记（商品组件）,6811ced6000000002002ae7f,5c6e75ba000000001201be11,视频笔记,6789e8f40cf30c001595bf23,商销通投托管-经典大胸-自产-大胸警告-23~35-ROI-6.5-视频,121888820,2025-06-05 10:13:02,0.00,0,0,0.0%,0.0,0.0,0,0.00,0.0,0,0,0.0,0,0,0.0,0,0.0,0,0.0,0,0.0,0,0.0,0,0.0,0,0.0,0,0.0,0,0.0,0,0.0,0.00,0.0,0,0,0
1555821846,商销通投托管-经典大胸-自产-悟了-23~35-ROI-6.5-视频,被计划暂停,审核通过,通投,商品7日总下单ROI,笔记（商品组件）,67edeb41000000001b0240bc,5c6e75ba000000001201be11,视频笔记,6789edbc2b5554001514e8f8,商销通投托管-经典大胸-自产-悟了-23~35-ROI-6.5-视频,121883100,2025-06-05 10:12:27,0.00,0,0,0.0%,0.0,0.0,0,0.00,0.0,0,0,0.0,0,0,0.0,0,0.0,0,0.0,0,0.0,0,0.0,0,0.0,0,0.0,0,0.0,0,0.0,0,0.0,0.00,0.0,0,0,0
1544630962,商销通投托管-糯糯杯小胸-自产-开玩笑-品牌人群-ROI-6.3,被计划暂停,审核通过,通投,商品7日总下单ROI,笔记（商品组件）,67fefedf000000001c002d4f,5c6e75ba000000001201be11,图文笔记,6789edff6dd9a600157bdae8,商销通投托管-糯糯杯小胸-自产-开玩笑-品牌人群-ROI-6.3,121467972,2025-06-03 11:06:06,0.00,0,0,0.0%,0.0,0.0,0,0.00,0.0,0,0,0.0,0,0,0.0,0,0.0,0,0.0,0,0.0,0,0.0,0,0.0,0,0.0,0,0.0,0,0.0,0,0.0,0.00,0.0,0,0,0
1544689841,商销通投托管-经典大胸-自产-显薄显瘦-品牌人群-ROI-6.3,被计划暂停,不满足审核条件,通投,商品7日总下单ROI,笔记（商品组件）,68006899000000001b03ba3b,5c6e75ba000000001201be11,图文笔记,6789edbc2b5554001514e8f8,商销通投托管-经典大胸-自产-显薄显瘦-品牌人群-ROI-6.3,121459498,2025-06-03 11:05:04,0.00,0,0,0.0%,0.0,0.0,0,0.00,0.0,0,0,0.0,0,0,0.0,0,0.0,0,0.0,0,0.0,0,0.0,0,0.0,0,0.0,0,0.0,0,0.0,0,0.0,0.00,0.0,0,0,0
1519475571,商销通投托管-星河日系-自产-蕾丝战甲-品牌人群-ROI-5.29,被计划暂停,审核通过,通投,商品7日总下单ROI,笔记（商品组件）,682566f600000000210187fe,5c6e75ba000000001201be11,视频笔记,6789ec0af1397f0015ee89f0,商销通投托管-星河日系-自产-蕾丝战甲-品牌人群-ROI-5.29,120418126,2025-05-29 11:33:19,0.00,0,0,0.0%,0.0,0.0,0,0.00,0.0,0,0,0.0,0,0,0.0,0,0.0,0,0.0,0,0.0,0,0.0,0,0.0,0,0.0,0,0.0,0,0.0,0,0.0,0.00,0.0,0,0,0
1519359673,商销通投托管-测线美-自产-侧颜-品牌人群-ROI-5.29,被计划暂停,审核通过,通投,商品7日总下单ROI,笔记（商品组件）,6811ea2d000000002100bec3,5c6e75ba000000001201be11,图文笔记,6789e8f40cf30c001595bf23,商销通投托管-测线美-自产-侧颜-品牌人群-ROI-5.29,120428757,2025-05-29 11:32:45,0.00,0,0,0.0%,0.0,0.0,0,0.00,0.0,0,0,0.0,0,0,0.0,0,0.0,0,0.0,0,0.0,0,0.0,0,0.0,0,0.0,0,0.0,0,0.0,0,0.0,0.00,0.0,0,0,0
1519415991,商销通投托管-经典大胸-自产-大胸警告-品牌人群-ROI-5.29-视频,被计划暂停,审核通过,通投,商品7日总下单ROI,笔记（商品组件）,6811ced6000000002002ae7f,5c6e75ba000000001201be11,视频笔记,6789e8f40cf30c001595bf23,商销通投托管-经典大胸-自产-大胸警告-品牌人群-ROI-5.29-视频,120418085,2025-05-29 11:32:13,0.00,0,0,0.0%,0.0,0.0,0,0.00,0.0,0,0,0.0,0,0,0.0,0,0.0,0,0.0,0,0.0,0,0.0,0,0.0,0,0.0,0,0.0,0,0.0,0,0.0,0.00,0.0,0,0,0
1518490774,商销通投托管-经典大胸-自产-春夏-品牌人群-ROI-5.29,被计划暂停,不满足审核条件,通投,商品7日总下单ROI,笔记（商品组件）,67da8cc20000000003028970,5c6e75ba000000001201be11,图文笔记,6789edbc2b5554001514e8f8,商销通投托管-经典大胸-自产-春夏-品牌人群-ROI-5.29,120404362,2025-05-29 08:55:23,0.00,0,0,0.0%,0.0,0.0,0,0.00,0.0,0,0,0.0,0,0,0.0,0,0.0,0,0.0,0,0.0,0,0.0,0,0.0,0,0.0,0,0.0,0,0.0,0,0.0,0.00,0.0,0,0,0
1502023511,商销通投托管-经典大胸-自产-狂喜-品牌人群-ROI-5.26,被计划暂停,不满足审核条件,通投,商品7日总下单ROI,笔记（商品组件）,68006899000000001b03ba3b,5c6e75ba000000001201be11,图文笔记,6789edbc2b5554001514e8f8,商销通投托管-经典大胸-自产-狂喜-品牌人群-ROI-5.26,119561753,2025-05-26 12:03:38,0.00,0,0,0.0%,0.0,0.0,0,0.00,0.0,0,0,0.0,0,0,0.0,0,0.0,0,0.0,0,0.0,0,0.0,0,0.0,0,0.0,0,0.0,0,0.0,0,0.0,0.00,0.0,0,0,0
1501847169,商销通投托管-星河日系-自产-妈生弧-品牌人群-ROI-5.26,被计划暂停,审核通过,通投,商品7日总下单ROI,笔记（商品组件）,68073b63000000001e0049d5,5c6e75ba000000001201be11,视频笔记,6789ec0af1397f0015ee89f0,商销通投托管-星河日系-自产-妈生弧-品牌人群-ROI-5.26,119556063,2025-05-26 12:02:58,0.00,0,0,0.0%,0.0,0.0,0,0.00,0.0,0,0,0.0,0,0,0.0,0,0.0,0,0.0,0,0.0,0,0.0,0,0.0,0,0.0,0,0.0,0,0.0,0,0.0,0.00,0.0,0,0,0
1501838557,商销通投托管-经典大胸-自产-盛宴-品牌人群-ROI-5.26,被计划暂停,审核通过,通投,商品7日总下单ROI,笔记（商品组件）,682fcf1d0000000021004862,5c6e75ba000000001201be11,图文笔记,6789ed6ef1397f0015ee9c10,商销通投托管-经典大胸-自产-盛宴-品牌人群-ROI-5.26,119573178,2025-05-26 12:01:39,0.00,0,0,0.0%,0.0,0.0,0,0.00,0.0,0,0,0.0,0,0,0.0,0,0.0,0,0.0,0,0.0,0,0.0,0,0.0,0,0.0,0,0.0,0,0.0,0,0.0,0.00,0.0,0,0,0
1500936945,商销通投托管-经典大胸-自产-春夏-服饰大促-ROI-5.26,被计划暂停,不满足审核条件,通投,商品7日总下单ROI,笔记（商品组件）,67da8cc20000000003028970,5c6e75ba000000001201be11,图文笔记,6789edbc2b5554001514e8f8,商销通投托管-经典大胸-自产-春夏-服饰大促-ROI-5.26,119537263,2025-05-26 10:10:52,0.00,0,0,0.0%,0.0,0.0,0,0.00,0.0,0,0,0.0,0,0,0.0,0,0.0,0,0.0,0,0.0,0,0.0,0,0.0,0,0.0,0,0.0,0,0.0,0,0.0,0.00,0.0,0,0,0
1500876811,商销通投托管-经典大胸-自产-春夏-618大促-ROI-5.26,被计划暂停,不满足审核条件,通投,商品7日总下单ROI,笔记（商品组件）,67da8cc20000000003028970,5c6e75ba000000001201be11,图文笔记,6789edbc2b5554001514e8f8,商销通投托管-经典大胸-自产-春夏-618大促-ROI-5.26,119526511,2025-05-26 10:10:24,0.00,0,0,0.0%,0.0,0.0,0,0.00,0.0,0,0,0.0,0,0,0.0,0,0.0,0,0.0,0,0.0,0,0.0,0,0.0,0,0.0,0,0.0,0,0.0,0,0.0,0.00,0.0,0,0,0
1460628230,商销通投托管-经典大胸-自产-受难记-品牌人群-ROI-5.19,被计划暂停,不满足审核条件,通投,商品7日总下单ROI,笔记（商品组件）,6811e6db000000002102f15e,5c6e75ba000000001201be11,图文笔记,6789edbc2b5554001514e8f8,商销通投托管-经典大胸-自产-受难记-品牌人群-ROI-5.19,118125093,2025-05-19 11:33:02,0.00,0,0,0.0%,0.0,0.0,0,0.00,0.0,0,0,0.0,0,0,0.0,0,0.0,0,0.0,0,0.0,0,0.0,0,0.0,0,0.0,0,0.0,0,0.0,0,0.0,0.00,0.0,0,0,0
1460568396,商销通投托管-经典大胸-自产-DNA-品牌人群-ROI-5.19,被计划暂停,不满足审核条件,通投,商品7日总下单ROI,笔记（商品组件）,680613b4000000001d01fafe,5c6e75ba000000001201be11,视频笔记,6789edbc2b5554001514e8f8,商销通投托管-经典大胸-自产-DNA-品牌人群-ROI-5.19,118119303,2025-05-19 11:32:19,0.00,0,0,0.0%,0.0,0.0,0,0.00,0.0,0,0,0.0,0,0,0.0,0,0.0,0,0.0,0,0.0,0,0.0,0,0.0,0,0.0,0,0.0,0,0.0,0,0.0,0.00,0.0,0,0,0
1460681531,商销通投托管-经典大胸-自产-春夏-520送礼-ROI-5.19,被计划暂停,不满足审核条件,通投,商品7日总下单ROI,笔记（商品组件）,67da8cc20000000003028970,5c6e75ba000000001201be11,图文笔记,6789edbc2b5554001514e8f8,商销通投托管-经典大胸-自产-春夏-520送礼-ROI-5.19,118124911,2025-05-19 11:29:39,0.00,0,0,0.0%,0.0,0.0,0,0.00,0.0,0,0,0.0,0,0,0.0,0,0.0,0,0.0,0,0.0,0,0.0,0,0.0,0,0.0,0,0.0,0,0.0,0,0.0,0.00,0.0,0,0,0
1270102935,商销通投托管-星河日系-自产-秘密-23~35-ROI-4.14-视频,被计划暂停,不满足审核条件,通投,商品7日总下单ROI,笔记（商品组件）,67e67beb000000001d01dc58,5c6e75ba000000001201be11,视频笔记,6789ec0af1397f0015ee89f0,商销通投托管-星河日系-自产-秘密-23~35-ROI-4.14-视频,111380357,2025-04-14 11:00:39,0.00,0,0,0.0%,0.0,0.0,0,0.00,0.0,0,0,0.0,0,0,0.0,0,0.0,0,0.0,0,0.0,0,0.0,0,0.0,0,0.0,0,0.0,0,0.0,0,0.0,0.00,0.0,0,0,0
1270048803,商销通投托管-星河日系-自产-秘密-高级感穿搭-ROI-4.14-视频,被计划暂停,审核通过,通投,商品7日总下单ROI,笔记（商品组件）,67e67beb000000001d01dc58,5c6e75ba000000001201be11,视频笔记,6789ec0af1397f0015ee89f0,商销通投托管-星河日系-自产-秘密-高级感穿搭-ROI-4.14-视频,111361613,2025-04-14 11:00:11,0.00,0,0,0.0%,0.0,0.0,0,0.00,0.0,0,0,0.0,0,0,0.0,0,0.0,0,0.0,0,0.0,0,0.0,0,0.0,0,0.0,0,0.0,0,0.0,0,0.0,0.00,0.0,0,0,0
1270276443,商销通投托管-星河日系-自产-秘密-店铺人群-ROI-4.14-视频,被计划暂停,审核通过,通投,商品7日总下单ROI,笔记（商品组件）,67e67beb000000001d01dc58,5c6e75ba000000001201be11,视频笔记,6789ec0af1397f0015ee89f0,商销通投托管-星河日系-自产-秘密-店铺人群-ROI-4.14-视频,111375409,2025-04-14 10:59:37,0.00,0,0,0.0%,0.0,0.0,0,0.00,0.0,0,0,0.0,0,0,0.0,0,0.0,0,0.0,0,0.0,0,0.0,0,0.0,0,0.0,0,0.0,0,0.0,0,0.0,0.00,0.0,0,0,0
1270276140,商销通投托管-糯糯杯大胸-自产-开挂-23~35-ROI-4.14,被计划暂停,审核通过,通投,商品7日总下单ROI,笔记（商品组件）,67ebb7c0000000001b0249d3,5c6e75ba000000001201be11,图文笔记,6789edff6dd9a600157bdae8,商销通投托管-糯糯杯大胸-自产-开挂-23~35-ROI-4.14,111375386,2025-04-14 10:58:55,0.00,0,0,0.0%,0.0,0.0,0,0.00,0.0,0,0,0.0,0,0,0.0,0,0.0,0,0.0,0,0.0,0,0.0,0,0.0,0,0.0,0,0.0,0,0.0,0,0.0,0.00,0.0,0,0,0
1270315885,商销通投托管-糯糯杯小胸-自产-开挂-高级感穿搭-ROI-4.14,被计划暂停,不满足审核条件,通投,商品7日总下单ROI,笔记（商品组件）,67ebb7c0000000001b0249d3,5c6e75ba000000001201be11,图文笔记,6789edff6dd9a600157bdae8,商销通投托管-糯糯杯大胸-自产-开挂-高级感穿搭-ROI-4.14,111375370,2025-04-14 10:58:35,0.00,0,0,0.0%,0.0,0.0,0,0.00,0.0,0,0,0.0,0,0,0.0,0,0.0,0,0.0,0,0.0,0,0.0,0,0.0,0,0.0,0,0.0,0,0.0,0,0.0,0.00,0.0,0,0,0
1270275733,商销通投托管-糯糯杯大胸-自产-开挂-店铺人群-ROI-4.14,被计划暂停,审核通过,通投,商品7日总下单ROI,笔记（商品组件）,67ebb7c0000000001b0249d3,5c6e75ba000000001201be11,图文笔记,6789edff6dd9a600157bdae8,商销通投托管-糯糯杯大胸-自产-开挂-店铺人群-ROI-4.14,111361539,2025-04-14 10:58:12,0.00,0,0,0.0%,0.0,0.0,0,0.00,0.0,0,0,0.0,0,0,0.0,0,0.0,0,0.0,0,0.0,0,0.0,0,0.0,0,0.0,0,0.0,0,0.0,0,0.0,0.00,0.0,0,0,0
1270315475,商销通投托管-经典大胸-自产-治愈-23~35-ROI-4.14-视频,被计划暂停,不满足审核条件,通投,商品7日总下单ROI,笔记（商品组件）,67e5ede1000000001d0194d1,5c6e75ba000000001201be11,视频笔记,6789edbc2b5554001514e8f8,商销通投托管-经典大胸-自产-治愈-23~35-ROI-4.14-视频,111375351,2025-04-14 10:57:43,0.00,0,0,0.0%,0.0,0.0,0,0.00,0.0,0,0,0.0,0,0,0.0,0,0.0,0,0.0,0,0.0,0,0.0,0,0.0,0,0.0,0,0.0,0,0.0,0,0.0,0.00,0.0,0,0,0
1270159430,商销通投托管-经典大胸-自产-治愈-高级感穿搭-ROI-4.14-视频,被计划暂停,不满足审核条件,通投,商品7日总下单ROI,笔记（商品组件）,67e5ede1000000001d0194d1,5c6e75ba000000001201be11,视频笔记,6789edbc2b5554001514e8f8,商销通投托管-经典大胸-自产-治愈-高级感穿搭-ROI-4.14-视频,111367188,2025-04-14 10:57:23,0.00,0,0,0.0%,0.0,0.0,0,0.00,0.0,0,0,0.0,0,0,0.0,0,0.0,0,0.0,0,0.0,0,0.0,0,0.0,0,0.0,0,0.0,0,0.0,0,0.0,0.00,0.0,0,0,0
1270315115,商销通投托管-经典大胸-自产-治愈-店铺人群-ROI-4.14-视频,被计划暂停,不满足审核条件,通投,商品7日总下单ROI,笔记（商品组件）,67e5ede1000000001d0194d1,5c6e75ba000000001201be11,视频笔记,6789edbc2b5554001514e8f8,商销通投托管-经典大胸-自产-治愈-店铺人群-ROI-4.14-视频,111367175,2025-04-14 10:57:01,0.00,0,0,0.0%,0.0,0.0,0,0.00,0.0,0,0,0.0,0,0,0.0,0,0.0,0,0.0,0,0.0,0,0.0,0,0.0,0,0.0,0,0.0,0,0.0,0,0.0,0.00,0.0,0,0,0
1270314893,商销通投托管-经典大胸-自产-悟了-23~35-ROI-4.14-视频,被计划暂停,不满足审核条件,通投,商品7日总下单ROI,笔记（商品组件）,67edeb41000000001b0240bc,5c6e75ba000000001201be11,视频笔记,6789edbc2b5554001514e8f8,商销通投托管-经典大胸-自产-悟了-23~35-ROI-4.14-视频,111375314,2025-04-14 10:56:34,0.00,0,0,0.0%,0.0,0.0,0,0.00,0.0,0,0,0.0,0,0,0.0,0,0.0,0,0.0,0,0.0,0,0.0,0,0.0,0,0.0,0,0.0,0,0.0,0,0.0,0.00,0.0,0,0,0
1270274615,商销通投托管-经典大胸-自产-悟了-高级感穿搭-ROI-4.14-视频,被计划暂停,不满足审核条件,通投,商品7日总下单ROI,笔记（商品组件）,67edeb41000000001b0240bc,5c6e75ba000000001201be11,视频笔记,6789edbc2b5554001514e8f8,商销通投托管-经典大胸-自产-悟了-高级感穿搭-ROI-4.14-视频,111355701,2025-04-14 10:56:07,0.00,0,0,0.0%,0.0,0.0,0,0.00,0.0,0,0,0.0,0,0,0.0,0,0.0,0,0.0,0,0.0,0,0.0,0,0.0,0,0.0,0,0.0,0,0.0,0,0.0,0.00,0.0,0,0,0
1270274310,商销通投托管-经典大胸-自产-悟了-店铺人群-ROI-4.14-视频,被计划暂停,审核通过,通投,商品7日总下单ROI,笔记（商品组件）,67edeb41000000001b0240bc,5c6e75ba000000001201be11,视频笔记,6789edbc2b5554001514e8f8,商销通投托管-经典大胸-自产-悟了-店铺人群-ROI-4.14-视频,111355676,2025-04-14 10:55:45,0.00,0,0,0.0%,0.0,0.0,0,0.00,0.0,0,0,0.0,0,0,0.0,0,0.0,0,0.0,0,0.0,0,0.0,0,0.0,0,0.0,0,0.0,0,0.0,0,0.0,0.00,0.0,0,0,0
1270313974,商销通投托管-经典大胸-自产-高颜值-23~35-ROI-4.14,被计划暂停,不满足审核条件,通投,商品7日总下单ROI,笔记（商品组件）,67da1636000000000302941e,5c6e75ba000000001201be11,图文笔记,6789edbc2b5554001514e8f8,商销通投托管-经典大胸-自产-高颜值-23~35-ROI-4.14,111375258,2025-04-14 10:55:14,0.00,0,0,0.0%,0.0,0.0,0,0.00,0.0,0,0,0.0,0,0,0.0,0,0.0,0,0.0,0,0.0,0,0.0,0,0.0,0,0.0,0,0.0,0,0.0,0,0.0,0.00,0.0,0,0,0
1270045707,商销通投托管-经典大胸-自产-高颜值-高级感穿搭-ROI-4.14,被计划暂停,不满足审核条件,通投,商品7日总下单ROI,笔记（商品组件）,67da1636000000000302941e,5c6e75ba000000001201be11,图文笔记,6789edbc2b5554001514e8f8,商销通投托管-经典大胸-自产-高颜值-高级感穿搭-ROI-4.14,111372983,2025-04-14 10:54:48,0.00,0,0,0.0%,0.0,0.0,0,0.00,0.0,0,0,0.0,0,0,0.0,0,0.0,0,0.0,0,0.0,0,0.0,0,0.0,0,0.0,0,0.0,0,0.0,0,0.0,0.00,0.0,0,0,0
1270217675,商销通投托管-经典大胸-自产-高颜值-店铺人群-ROI-4.14,被计划暂停,不满足审核条件,通投,商品7日总下单ROI,笔记（商品组件）,67da1636000000000302941e,5c6e75ba000000001201be11,图文笔记,6789edbc2b5554001514e8f8,商销通投托管-经典大胸-自产-高颜值-店铺人群-ROI-4.14,111355622,2025-04-14 10:54:27,0.00,0,0,0.0%,0.0,0.0,0,0.00,0.0,0,0,0.0,0,0,0.0,0,0.0,0,0.0,0,0.0,0,0.0,0,0.0,0,0.0,0,0.0,0,0.0,0,0.0,0.00,0.0,0,0,0
1270313103,商销通投托管-糯糯杯大胸-自产-它都有-23~35-ROI-4.14-视频,被计划暂停,不满足审核条件,通投,商品7日总下单ROI,笔记（商品组件）,67e522e3000000001d02fa47,5c6e75ba000000001201be11,视频笔记,6789edff6dd9a600157bdae8,商销通投托管-糯糯杯大胸-自产-它都有-23~35-ROI-4.14-视频,111372949,2025-04-14 10:53:53,0.00,0,0,0.0%,0.0,0.0,0,0.00,0.0,0,0,0.0,0,0,0.0,0,0.0,0,0.0,0,0.0,0,0.0,0,0.0,0,0.0,0,0.0,0,0.0,0,0.0,0.00,0.0,0,0,0
1270272933,商销通投托管-糯糯杯大胸-自产-它都有-高级感穿搭-ROI-4.14-视频,被计划暂停,不满足审核条件,通投,商品7日总下单ROI,笔记（商品组件）,67e522e3000000001d02fa47,5c6e75ba000000001201be11,视频笔记,6789edff6dd9a600157bdae8,商销通投托管-糯糯杯大胸-自产-它都有-高级感穿搭-ROI-4.14-视频,111355578,2025-04-14 10:53:23,0.00,0,0,0.0%,0.0,0.0,0,0.00,0.0,0,0,0.0,0,0,0.0,0,0.0,0,0.0,0,0.0,0,0.0,0,0.0,0,0.0,0,0.0,0,0.0,0,0.0,0.00,0.0,0,0,0
1270272635,商销通投托管-糯糯杯大胸-自产-它都有-店铺人群-ROI-4.14-视频,被计划暂停,不满足审核条件,通投,商品7日总下单ROI,笔记（商品组件）,67e522e3000000001d02fa47,5c6e75ba000000001201be11,视频笔记,6789edff6dd9a600157bdae8,商销通投托管-糯糯杯大胸-自产-它都有-店铺人群-ROI-4.14-视频,111361361,2025-04-14 10:52:55,0.00,0,0,0.0%,0.0,0.0,0,0.00,0.0,0,0,0.0,0,0,0.0,0,0.0,0,0.0,0,0.0,0,0.0,0,0.0,0,0.0,0,0.0,0,0.0,0,0.0,0.00,0.0,0,0,0
1270095925,商销通投托管-糯糯杯大胸-自产-天菜-高级感穿搭-ROI-4.14,被计划暂停,不满足审核条件,通投,商品7日总下单ROI,笔记（商品组件）,67da2993000000000b01592f,5c6e75ba000000001201be11,图文笔记,6789edff6dd9a600157bdae8,商销通投托管-糯糯杯大胸-自产-天菜-高级感穿搭-ROI-4.14,111349981,2025-04-14 10:52:01,0.00,0,0,0.0%,0.0,0.0,0,0.00,0.0,0,0,0.0,0,0,0.0,0,0.0,0,0.0,0,0.0,0,0.0,0,0.0,0,0.0,0,0.0,0,0.0,0,0.0,0.00,0.0,0,0,0
1270150292,商销通投托管-经典大胸-自产-加分-品牌人群-ROI-4.14,被计划暂停,不满足审核条件,通投,商品7日总下单ROI,笔记（商品组件）,67f8e09f000000001e00b038,5c6e75ba000000001201be11,图文笔记,6789edbc2b5554001514e8f8,商销通投托管-经典大胸-自产-加分-品牌人群-ROI-4.14,111349874,2025-04-14 10:50:03,0.00,0,0,0.0%,0.0,0.0,0,0.00,0.0,0,0,0.0,0,0,0.0,0,0.0,0,0.0,0,0.0,0,0.0,0,0.0,0,0.0,0,0.0,0,0.0,0,0.0,0.00,0.0,0,0,0
1270091010,商销通投托管-糯糯杯小胸-自产-自然显大-品牌人群-ROI-4.14,被计划暂停,不满足审核条件,通投,商品7日总下单ROI,笔记（商品组件）,67f87f9e000000001d0263d7,5c6e75ba000000001201be11,图文笔记,6789edff6dd9a600157bdae8,商销通投托管-糯糯杯小胸-自产-自然显大-品牌人群-ROI-4.14,111366828,2025-04-14 10:49:29,0.00,0,0,0.0%,0.0,0.0,0,0.00,0.0,0,0,0.0,0,0,0.0,0,0.0,0,0.0,0,0.0,0,0.0,0,0.0,0,0.0,0,0.0,0,0.0,0,0.0,0.00,0.0,0,0,0
1270090709,商销通投托管-经典大胸-自产-天花板-品牌人群-ROI-4.14,被计划暂停,不满足审核条件,通投,商品7日总下单ROI,笔记（商品组件）,67f477e9000000001d03acdc,5c6e75ba000000001201be11,图文笔记,6789edbc2b5554001514e8f8,商销通投托管-经典大胸-自产-天花板-品牌人群-ROI-4.14,111366805,2025-04-14 10:48:59,0.00,0,0,0.0%,0.0,0.0,0,0.00,0.0,0,0,0.0,0,0,0.0,0,0.0,0,0.0,0,0.0,0,0.0,0,0.0,0,0.0,0,0.0,0,0.0,0,0.0,0.00,0.0,0,0,0
1270148722,商销通投托管-糯糯杯大胸-自产-美晕-品牌人群-ROI-4.14,被计划暂停,审核通过,通投,商品7日总下单ROI,笔记（商品组件）,67ebb578000000001e006c94,5c6e75ba000000001201be11,图文笔记,6789edff6dd9a600157bdae8,商销通投托管-糯糯杯大胸-自产-美晕-品牌人群-ROI-4.14,111374867,2025-04-14 10:46:44,0.00,0,0,0.0%,0.0,0.0,0,0.00,0.0,0,0,0.0,0,0,0.0,0,0.0,0,0.0,0,0.0,0,0.0,0,0.0,0,0.0,0,0.0,0,0.0,0,0.0,0.00,0.0,0,0,0
1270264260,商销通投托管-糯糯杯小胸-自产-曲线-品牌人群-ROI-4.14,被计划暂停,审核通过,通投,商品7日总下单ROI,笔记（商品组件）,67e51f64000000001d03b058,5c6e75ba000000001201be11,图文笔记,6789edff6dd9a600157bdae8,商销通投托管-糯糯杯小胸-自产-曲线-品牌人群-ROI-4.14,111360977,2025-04-14 10:45:33,0.00,0,0,0.0%,0.0,0.0,0,0.00,0.0,0,0,0.0,0,0,0.0,0,0.0,0,0.0,0,0.0,0,0.0,0,0.0,0,0.0,0,0.0,0,0.0,0,0.0,0.00,0.0,0,0,0
1247009588,商销通投托管-经典大胸-自产-悟了-品牌人群-ROI-4.9-视频,被计划暂停,不满足审核条件,通投,商品7日总下单ROI,笔记（商品组件）,67edeb41000000001b0240bc,5c6e75ba000000001201be11,视频笔记,6789edbc2b5554001514e8f8,商销通投托管-经典大胸-自产-悟了-品牌人群-ROI-4.9-视频,110614631,2025-04-09 16:51:34,0.00,0,0,0.0%,0.0,0.0,0,0.00,0.0,0,0,0.0,0,0,0.0,0,0.0,0,0.0,0,0.0,0,0.0,0,0.0,0,0.0,0,0.0,0,0.0,0,0.0,0.00,0.0,0,0,0
1245815955,商销通投托管-糯糯杯大胸-自产-视觉缩胸-品牌人群-ROI-4.9-视频,被计划暂停,不满足审核条件,通投,商品7日总下单ROI,笔记（商品组件）,67f5cbf5000000001d006264,5c6e75ba000000001201be11,视频笔记,6789edff6dd9a600157bdae8,商销通投托管-糯糯杯大胸-自产-视觉缩胸-品牌人群-ROI-4.9-视频,110559690,2025-04-09 14:03:22,0.00,0,0,0.0%,0.0,0.0,0,0.00,0.0,0,0,0.0,0,0,0.0,0,0.0,0,0.0,0,0.0,0,0.0,0,0.0,0,0.0,0,0.0,0,0.0,0,0.0,0.00,0.0,0,0,0
1234684001,商销通投托管-星河深V-自产-夏季-品牌人群-ROI-4.7,被计划暂停,不满足审核条件,通投,商品7日总下单ROI,笔记（商品组件）,67ee6477000000001b0388e9,5c6e75ba000000001201be11,图文笔记,6789ec0af1397f0015ee89f0,商销通投托管-星河深V-自产-夏季-品牌人群-ROI-4.7,110129994,2025-04-07 12:03:44,0.00,0,0,0.0%,0.0,0.0,0,0.00,0.0,0,0,0.0,0,0,0.0,0,0.0,0,0.0,0,0.0,0,0.0,0,0.0,0,0.0,0,0.0,0,0.0,0,0.0,0.00,0.0,0,0,0
1234683650,商销通投托管-糯糯杯小胸-自产-漂酿-品牌人群-ROI-4.7,被计划暂停,审核通过,通投,商品7日总下单ROI,笔记（商品组件）,67ee2dd7000000001e00b713,5c6e75ba000000001201be11,图文笔记,6789edff6dd9a600157bdae8,商销通投托管-糯糯杯小胸-自产-漂酿-品牌人群-ROI-4.7,110129972,2025-04-07 12:03:17,0.00,0,0,0.0%,0.0,0.0,0,0.00,0.0,0,0,0.0,0,0,0.0,0,0.0,0,0.0,0,0.0,0,0.0,0,0.0,0,0.0,0,0.0,0,0.0,0,0.0,0.00,0.0,0,0,0
1234582113,商销通投托管-糯糯杯小胸-自产-凹凸-品牌人群-ROI-4.7,被计划暂停,审核通过,通投,商品7日总下单ROI,笔记（商品组件）,67e51c9c000000001e00197c,5c6e75ba000000001201be11,图文笔记,6789edff6dd9a600157bdae8,商销通投托管-糯糯杯小胸-自产-凹凸-品牌人群-ROI-4.7,110146954,2025-04-07 12:02:51,0.00,0,0,0.0%,0.0,0.0,0,0.00,0.0,0,0,0.0,0,0,0.0,0,0.0,0,0.0,0,0.0,0,0.0,0,0.0,0,0.0,0,0.0,0,0.0,0,0.0,0.00,0.0,0,0,0
1234635252,商销通投托管-糯糯杯大胸-自产-开挂-品牌人群-ROI-4.7,被计划暂停,不满足审核条件,通投,商品7日总下单ROI,笔记（商品组件）,67ebb7c0000000001b0249d3,5c6e75ba000000001201be11,图文笔记,6789edff6dd9a600157bdae8,商销通投托管-糯糯杯大胸-自产-开挂-品牌人群-ROI-4.7,110146854,2025-04-07 12:00:41,0.00,0,0,0.0%,0.0,0.0,0,0.00,0.0,0,0,0.0,0,0,0.0,0,0.0,0,0.0,0,0.0,0,0.0,0,0.0,0,0.0,0,0.0,0,0.0,0,0.0,0.00,0.0,0,0,0
1234632995,商销通投托管-经典大胸-自产-易如反掌-品牌人群-ROI-4.7,被计划暂停,不满足审核条件,通投,商品7日总下单ROI,笔记（商品组件）,67ecfa25000000001d023b2f,5c6e75ba000000001201be11,图文笔记,6789edbc2b5554001514e8f8,商销通投托管-经典大胸-自产-易如反掌-品牌人群-ROI-4.7,110123945,2025-04-07 12:00:09,0.00,0,0,0.0%,0.0,0.0,0,0.00,0.0,0,0,0.0,0,0,0.0,0,0.0,0,0.0,0,0.0,0,0.0,0,0.0,0,0.0,0,0.0,0,0.0,0,0.0,0.00,0.0,0,0,0
1227819117,商销通投托管-星河日系-自产-秘密-品牌人群-ROI-4.5-视频,被计划暂停,审核通过,通投,商品7日总下单ROI,笔记（商品组件）,67e67beb000000001d01dc58,5c6e75ba000000001201be11,视频笔记,6789ec0af1397f0015ee89f0,商销通投托管-星河日系-自产-秘密-品牌人群-ROI-4.5-视频,109902468,2025-04-05 20:01:29,0.00,0,0,0.0%,0.0,0.0,0,0.00,0.0,0,0,0.0,0,0,0.0,0,0.0,0,0.0,0,0.0,0,0.0,0,0.0,0,0.0,0,0.0,0,0.0,0,0.0,0.00,0.0,0,0,0
1227943933,商销通投托管-经典大胸-自产-治愈-品牌人群-ROI-4.5-视频,被计划暂停,不满足审核条件,通投,商品7日总下单ROI,笔记（商品组件）,67e5ede1000000001d0194d1,5c6e75ba000000001201be11,视频笔记,6789edbc2b5554001514e8f8,商销通投托管-经典大胸-自产-治愈-品牌人群-ROI-4.5-视频,109913513,2025-04-05 19:59:53,0.00,0,0,0.0%,0.0,0.0,0,0.00,0.0,0,0,0.0,0,0,0.0,0,0.0,0,0.0,0,0.0,0,0.0,0,0.0,0,0.0,0,0.0,0,0.0,0,0.0,0.00,0.0,0,0,0
1227892188,商销通投托管-经典大胸-自产-春夏-品牌人群-ROI-4.5,被计划暂停,不满足审核条件,通投,商品7日总下单ROI,笔记（商品组件）,67da8cc20000000003028970,5c6e75ba000000001201be11,图文笔记,6789edbc2b5554001514e8f8,商销通投托管-经典大胸-自产-春夏-品牌人群-ROI-4.5,109913497,2025-04-05 19:58:45,0.00,0,0,0.0%,0.0,0.0,0,0.00,0.0,0,0,0.0,0,0,0.0,0,0.0,0,0.0,0,0.0,0,0.0,0,0.0,0,0.0,0,0.0,0,0.0,0,0.0,0.00,0.0,0,0,0
1227757717,商销通投托管-糯糯杯大胸-自产-它都有-品牌人群-ROI-4.5-视频,被计划暂停,不满足审核条件,通投,商品7日总下单ROI,笔记（商品组件）,67e522e3000000001d02fa47,5c6e75ba000000001201be11,视频笔记,6789edff6dd9a600157bdae8,商销通投托管-糯糯杯大胸-自产-它都有-品牌人群-ROI-4.5-视频,109907496,2025-04-05 19:57:45,0.00,0,0,0.0%,0.0,0.0,0,0.00,0.0,0,0,0.0,0,0,0.0,0,0.0,0,0.0,0,0.0,0,0.0,0,0.0,0,0.0,0,0.0,0,0.0,0,0.0,0.00,0.0,0,0,0
1227891898,商销通投托管-糯糯杯大胸-自产-视觉-品牌人群-ROI-4.5,被计划暂停,审核通过,通投,商品7日总下单ROI,笔记（商品组件）,67e504dc000000001c009fa4,5c6e75ba000000001201be11,图文笔记,6789edff6dd9a600157bdae8,商销通投托管-糯糯杯大胸-自产-视觉-品牌人群-ROI-4.5,109930263,2025-04-05 19:56:45,0.00,0,0,0.0%,0.0,0.0,0,0.00,0.0,0,0,0.0,0,0,0.0,0,0.0,0,0.0,0,0.0,0,0.0,0,0.0,0,0.0,0,0.0,0,0.0,0,0.0,0.00,0.0,0,0,0
1228002503,商销通投托管-糯糯杯大胸-自产-裸感-品牌人群-ROI-4.5,被计划暂停,不满足审核条件,通投,商品7日总下单ROI,笔记（商品组件）,67e5f5d3000000001c00881a,5c6e75ba000000001201be11,图文笔记,6789edff6dd9a600157bdae8,商销通投托管-糯糯杯大胸-自产-裸感-品牌人群-ROI-4.5,109913441,2025-04-05 19:55:49,0.00,0,0,0.0%,0.0,0.0,0,0.00,0.0,0,0,0.0,0,0,0.0,0,0.0,0,0.0,0,0.0,0,0.0,0,0.0,0,0.0,0,0.0,0,0.0,0,0.0,0.00,0.0,0,0,0
1212909188,商销通投托管-糯糯杯大胸-自产-天菜-23~35-ROI-4.2,被计划暂停,审核通过,通投,商品7日总下单ROI,笔记（商品组件）,67da2993000000000b01592f,5c6e75ba000000001201be11,图文笔记,6789edff6dd9a600157bdae8,商销通投托管-糯糯杯大胸-自产-天菜-23~35-ROI-4.2,109398321,2025-04-02 14:10:44,0.00,0,0,0.0%,0.0,0.0,0,0.00,0.0,0,0,0.0,0,0,0.0,0,0.0,0,0.0,0,0.0,0,0.0,0,0.0,0,0.0,0,0.0,0,0.0,0,0.0,0.00,0.0,0,0,0
1212965059,商销通投托管-糯糯杯大胸-自产-大胸微胖-23~35-ROI-4.2,被计划暂停,不满足审核条件,通投,商品7日总下单ROI,笔记（商品组件）,67d15b0e000000001201dfbc,5c6e75ba000000001201be11,图文笔记,6789edff6dd9a600157bdae8,商销通投托管-糯糯杯大胸-自产-大胸微胖-23~35-ROI-4.2,109426326,2025-04-02 14:09:55,0.00,0,0,0.0%,0.0,0.0,0,0.00,0.0,0,0,0.0,0,0,0.0,0,0.0,0,0.0,0,0.0,0,0.0,0,0.0,0,0.0,0,0.0,0,0.0,0,0.0,0.00,0.0,0,0,0
1206401991,商销通投托管-星河深V-自产-高楼-品牌人群-ROI-4.1,被计划暂停,不满足审核条件,通投,商品7日总下单ROI,笔记（商品组件）,67e5281c000000001e00bc4c,5c6e75ba000000001201be11,图文笔记,6789ec0af1397f0015ee89f0,商销通投托管-星河深V-自产-高楼-品牌人群-ROI-4.1,109133473,2025-04-01 09:50:06,0.00,0,0,0.0%,0.0,0.0,0,0.00,0.0,0,0,0.0,0,0,0.0,0,0.0,0,0.0,0,0.0,0,0.0,0,0.0,0,0.0,0,0.0,0,0.0,0,0.0,0.00,0.0,0,0,0
1171411003,商销通投托管-经典大胸-自产-显瘦神器-时髦新潮-ROI-3.25,被计划暂停,不满足审核条件,通投,商品7日总下单ROI,笔记（商品组件）,67c16251000000000d01580e,5c6e75ba000000001201be11,图文笔记,6789edbc2b5554001514e8f8,商销通投托管-经典大胸-自产-显瘦神器-时髦新潮-ROI-3.25,107848461,2025-03-25 10:32:03,0.00,0,0,0.0%,0.0,0.0,0,0.00,0.0,0,0,0.0,0,0,0.0,0,0.0,0,0.0,0,0.0,0,0.0,0,0.0,0,0.0,0,0.0,0,0.0,0,0.0,0.00,0.0,0,0,0
1171641660,商销通投托管-糯糯杯大胸-自产-天菜-时髦新潮-ROI-3.25,被计划暂停,不满足审核条件,通投,商品7日总下单ROI,笔记（商品组件）,67da2993000000000b01592f,5c6e75ba000000001201be11,图文笔记,6789edff6dd9a600157bdae8,商销通投托管-糯糯杯大胸-自产-天菜-时髦新潮-ROI-3.25,107854258,2025-03-25 10:31:26,0.00,0,0,0.0%,0.0,0.0,0,0.00,0.0,0,0,0.0,0,0,0.0,0,0.0,0,0.0,0,0.0,0,0.0,0,0.0,0,0.0,0,0.0,0,0.0,0,0.0,0.00,0.0,0,0,0
1171409319,商销通投托管-糯糯杯大胸-自产-大胸微胖-时髦新潮-ROI-3.25,被计划暂停,不满足审核条件,通投,商品7日总下单ROI,笔记（商品组件）,67d15b0e000000001201dfbc,5c6e75ba000000001201be11,图文笔记,6789edff6dd9a600157bdae8,商销通投托管-糯糯杯大胸-自产-大胸微胖-时髦新潮-ROI-3.25,107865769,2025-03-25 10:30:52,0.00,0,0,0.0%,0.0,0.0,0,0.00,0.0,0,0,0.0,0,0,0.0,0,0.0,0,0.0,0,0.0,0,0.0,0,0.0,0,0.0,0,0.0,0,0.0,0,0.0,0.00,0.0,0,0,0
1166718499,商销通投托管-经典大胸-自产-高颜值-品牌人群-ROI-3.24,被计划暂停,不满足审核条件,通投,商品7日总下单ROI,笔记（商品组件）,67da1636000000000302941e,5c6e75ba000000001201be11,图文笔记,6789edbc2b5554001514e8f8,商销通投托管-经典大胸-自产-高颜值-品牌人群-ROI-3.24,107687417,2025-03-24 11:32:43,0.00,0,0,0.0%,0.0,0.0,0,0.00,0.0,0,0,0.0,0,0,0.0,0,0.0,0,0.0,0,0.0,0,0.0,0,0.0,0,0.0,0,0.0,0,0.0,0,0.0,0.00,0.0,0,0,0
1167004717,商销通投托管-糯糯杯大胸-自产-天菜-店铺行为-ROI-3.24,被计划暂停,不满足审核条件,通投,商品7日总下单ROI,笔记（商品组件）,67da2993000000000b01592f,5c6e75ba000000001201be11,图文笔记,6789edff6dd9a600157bdae8,商销通投托管-糯糯杯大胸-自产-天菜-店铺行为-ROI-3.24,107693232,2025-03-24 11:31:32,0.00,0,0,0.0%,0.0,0.0,0,0.00,0.0,0,0,0.0,0,0,0.0,0,0.0,0,0.0,0,0.0,0,0.0,0,0.0,0,0.0,0,0.0,0,0.0,0,0.0,0.00,0.0,0,0,0
1152752184,商销通投托管-糯糯杯大胸-自产-呼吸-品牌人群-ROI-3.21,被计划暂停,不满足审核条件,通投,商品7日总下单ROI,笔记（商品组件）,67daac53000000001203fc93,5c6e75ba000000001201be11,图文笔记,6789edff6dd9a600157bdae8,商销通投托管-糯糯杯大胸-自产-呼吸-品牌人群-ROI-3.21,107245587,2025-03-21 11:30:35,0.00,0,0,0.0%,0.0,0.0,0,0.00,0.0,0,0,0.0,0,0,0.0,0,0.0,0,0.0,0,0.0,0,0.0,0,0.0,0,0.0,0,0.0,0,0.0,0,0.0,0.00,0.0,0,0,0
1148884578,商销通投托管-星河日系-自产-小胸逆袭-精致中产-ROI-3.20,被计划暂停,审核通过,通投,商品7日总下单ROI,笔记（商品组件）,67cfffe6000000001201c782,5c6e75ba000000001201be11,图文笔记,"6789e97112147e00159ab60d,6789ec0af1397f0015ee89f0",商销通投托管-星河日系-自产-小胸逆袭-精致中产-ROI-3.20,107104976,2025-03-20 15:38:43,0.00,0,0,0.0%,0.0,0.0,0,0.00,0.0,0,0,0.0,0,0,0.0,0,0.0,0,0.0,0,0.0,0,0.0,0,0.0,0,0.0,0,0.0,0,0.0,0,0.0,0.00,0.0,0,0,0
1149104066,商销通投托管-经典大胸-自产-又瘦又有型-精致中产-ROI-3.20,被计划暂停,不满足审核条件,通投,商品7日总下单ROI,笔记（商品组件）,67cff5f700000000090140d0,5c6e75ba000000001201be11,图文笔记,6789edbc2b5554001514e8f8,商销通投托管-经典大胸-自产-又瘦又有型-精致中产-ROI-3.20,107116285,2025-03-20 15:37:36,0.00,0,0,0.0%,0.0,0.0,0,0.00,0.0,0,0,0.0,0,0,0.0,0,0.0,0,0.0,0,0.0,0,0.0,0,0.0,0,0.0,0,0.0,0,0.0,0,0.0,0.00,0.0,0,0,0
1148848391,商销通投托管-糯糯杯大胸-自产-大胸显瘦-高级感穿搭-ROI-3.20,被计划暂停,审核通过,通投,商品7日总下单ROI,笔记（商品组件）,67c166ae000000000903b4ad,5c6e75ba000000001201be11,图文笔记,6789edff6dd9a600157bdae8,商销通投托管-糯糯杯大胸-自产-大胸显瘦-高级感穿搭-ROI-3.20,107127553,2025-03-20 15:36:01,0.00,0,0,0.0%,0.0,0.0,0,0.00,0.0,0,0,0.0,0,0,0.0,0,0.0,0,0.0,0,0.0,0,0.0,0,0.0,0,0.0,0,0.0,0,0.0,0,0.0,0.00,0.0,0,0,0
1148986269,商销通投托管-糯糯杯大胸-自产-天菜-品牌人群-ROI-3.20,被计划暂停,不满足审核条件,通投,商品7日总下单ROI,笔记（商品组件）,67da2993000000000b01592f,5c6e75ba000000001201be11,图文笔记,6789edff6dd9a600157bdae8,商销通投托管-糯糯杯大胸-自产-天菜-品牌人群-ROI-3.20,107110426,2025-03-20 15:34:07,0.00,0,0,0.0%,0.0,0.0,0,0.00,0.0,0,0,0.0,0,0,0.0,0,0.0,0,0.0,0,0.0,0,0.0,0,0.0,0,0.0,0,0.0,0,0.0,0,0.0,0.00,0.0,0,0,0
1143598564,商销通投托管-经典大胸-自产-又瘦又有型-细节装饰-ROI-3.19,被计划暂停,不满足审核条件,通投,商品7日总下单ROI,笔记（商品组件）,67cff5f700000000090140d0,5c6e75ba000000001201be11,图文笔记,6789edbc2b5554001514e8f8,商销通投托管-经典大胸-自产-又瘦又有型-细节装饰-ROI-3.19,106930076,2025-03-19 15:09:56,0.00,0,0,0.0%,0.0,0.0,0,0.00,0.0,0,0,0.0,0,0,0.0,0,0.0,0,0.0,0,0.0,0,0.0,0,0.0,0,0.0,0,0.0,0,0.0,0,0.0,0.00,0.0,0,0,0
1143760964,商销通投托管-经典大胸-自产-又瘦又有型-价格囤货-ROI-3.19,被计划暂停,不满足审核条件,通投,商品7日总下单ROI,笔记（商品组件）,67cff5f700000000090140d0,5c6e75ba000000001201be11,图文笔记,6789edbc2b5554001514e8f8,商销通投托管-经典大胸-自产-又瘦又有型-价格囤货-ROI-3.19,106947079,2025-03-19 15:09:30,0.00,0,0,0.0%,0.0,0.0,0,0.00,0.0,0,0,0.0,0,0,0.0,0,0.0,0,0.0,0,0.0,0,0.0,0,0.0,0,0.0,0,0.0,0,0.0,0,0.0,0.00,0.0,0,0,0
1143080991,商销通投托管-经典大胸-自产-显瘦神器-店铺行为-ROI-3.19,被计划暂停,不满足审核条件,通投,商品7日总下单ROI,笔记（商品组件）,67c16251000000000d01580e,5c6e75ba000000001201be11,图文笔记,6789edbc2b5554001514e8f8,商销通投托管-经典大胸-自产-显瘦神器-店铺行为-ROI-3.19,106913650,2025-03-19 13:36:24,0.00,0,0,0.0%,0.0,0.0,0,0.00,0.0,0,0,0.0,0,0,0.0,0,0.0,0,0.0,0,0.0,0,0.0,0,0.0,0,0.0,0,0.0,0,0.0,0,0.0,0.00,0.0,0,0,0
1139978029,商销通投托管-经典大胸-自产-显瘦神器-23~35-ROI-3.18,被计划暂停,不满足审核条件,通投,商品7日总下单ROI,笔记（商品组件）,67c16251000000000d01580e,5c6e75ba000000001201be11,图文笔记,6789edbc2b5554001514e8f8,商销通投托管-经典大胸-自产-显瘦神器-23~35-ROI-3.18,106839217,2025-03-18 21:09:17,0.00,0,0,0.0%,0.0,0.0,0,0.00,0.0,0,0,0.0,0,0,0.0,0,0.0,0,0.0,0,0.0,0,0.0,0,0.0,0,0.0,0,0.0,0,0.0,0,0.0,0.00,0.0,0,0,0
1140036751,商销通投托管-糯糯杯大胸-自产-大胸显瘦-23~35-ROI-3.18,被计划暂停,不满足审核条件,通投,商品7日总下单ROI,笔记（商品组件）,67c166ae000000000903b4ad,5c6e75ba000000001201be11,图文笔记,6789edff6dd9a600157bdae8,商销通投托管-糯糯杯大胸-自产-大胸显瘦-23~35-ROI-3.18,106816777,2025-03-18 21:08:20,0.00,0,0,0.0%,0.0,0.0,0,0.00,0.0,0,0,0.0,0,0,0.0,0,0.0,0,0.0,0,0.0,0,0.0,0,0.0,0,0.0,0,0.0,0,0.0,0,0.0,0.00,0.0,0,0,0
1132518276,商销通投托管-糯糯杯小胸-自产-自信秘籍-店铺行为-ROI-3.17,被计划暂停,审核通过,通投,商品7日总下单ROI,笔记（商品组件）,67d2b67c000000000d0149dc,5c6e75ba000000001201be11,图文笔记,6789edff6dd9a600157bdae8,商销通投托管-糯糯杯小胸-自产-自信秘籍-店铺行为-ROI-3.17,106530800,2025-03-17 11:39:54,0.00,0,0,0.0%,0.0,0.0,0,0.00,0.0,0,0,0.0,0,0,0.0,0,0.0,0,0.0,0,0.0,0,0.0,0,0.0,0,0.0,0,0.0,0,0.0,0,0.0,0.00,0.0,0,0,0
1132463156,商销通投托管-糯糯杯小胸-自产-自信秘籍-品牌人群-ROI-3.17,被计划暂停,不满足审核条件,通投,商品7日总下单ROI,笔记（商品组件）,67d2b67c000000000d0149dc,5c6e75ba000000001201be11,图文笔记,6789edff6dd9a600157bdae8,商销通投托管-糯糯杯小胸-自产-自信秘籍-品牌人群-ROI-3.17,106530774,2025-03-17 11:39:25,0.00,0,0,0.0%,0.0,0.0,0,0.00,0.0,0,0,0.0,0,0,0.0,0,0.0,0,0.0,0,0.0,0,0.0,0,0.0,0,0.0,0,0.0,0,0.0,0,0.0,0.00,0.0,0,0,0
1132569115,商销通投托管-糯糯杯大胸-自产-纸片人-店铺行为-ROI-3.17,被计划暂停,不满足审核条件,通投,商品7日总下单ROI,笔记（商品组件）,67d15c61000000001203fb29,5c6e75ba000000001201be11,图文笔记,6789edff6dd9a600157bdae8,商销通投托管-糯糯杯大胸-自产-纸片人-店铺行为-ROI-3.17,106530294,2025-03-17 11:30:47,0.00,0,0,0.0%,0.0,0.0,0,0.00,0.0,0,0,0.0,0,0,0.0,0,0.0,0,0.0,0,0.0,0,0.0,0,0.0,0,0.0,0,0.0,0,0.0,0,0.0,0.00,0.0,0,0,0
1132285769,商销通投托管-糯糯杯大胸-自产-纸片人-直播人群-ROI-3.17,被计划暂停,不满足审核条件,通投,商品7日总下单ROI,笔记（商品组件）,67d15c61000000001203fb29,5c6e75ba000000001201be11,图文笔记,6789edff6dd9a600157bdae8,商销通投托管-糯糯杯大胸-自产-纸片人-品牌人群-ROI-3.17,106552810,2025-03-17 11:30:26,0.00,0,0,0.0%,0.0,0.0,0,0.00,0.0,0,0,0.0,0,0,0.0,0,0.0,0,0.0,0,0.0,0,0.0,0,0.0,0,0.0,0,0.0,0,0.0,0,0.0,0.00,0.0,0,0,0
1132393642,商销通投托管-星河日系-自产-小胸逆袭-服饰上新-ROI-3.17,被计划暂停,审核通过,通投,商品7日总下单ROI,笔记（商品组件）,67cfffe6000000001201c782,5c6e75ba000000001201be11,图文笔记,"6789e97112147e00159ab60d,6789ec0af1397f0015ee89f0",商销通投托管-星河日系-自产-小胸逆袭-服饰上新-ROI-3.17,106547003,2025-03-17 11:29:03,0.00,0,0,0.0%,0.0,0.0,0,0.00,0.0,0,0,0.0,0,0,0.0,0,0.0,0,0.0,0,0.0,0,0.0,0,0.0,0,0.0,0,0.0,0,0.0,0,0.0,0.00,0.0,0,0,0
1132452329,商销通投托管-星河日系-自产-小胸逆袭-高级感穿搭-ROI-3.17,被计划暂停,审核通过,通投,商品7日总下单ROI,笔记（商品组件）,67cfffe6000000001201c782,5c6e75ba000000001201be11,图文笔记,"6789ec0af1397f0015ee89f0,6789e97112147e00159ab60d",商销通投托管-星河日系-自产-小胸逆袭-高级感穿搭-ROI-3.17,106536102,2025-03-17 11:28:50,0.00,0,0,0.0%,0.0,0.0,0,0.00,0.0,0,0,0.0,0,0,0.0,0,0.0,0,0.0,0,0.0,0,0.0,0,0.0,0,0.0,0,0.0,0,0.0,0,0.0,0.00,0.0,0,0,0
1132340284,商销通投托管-星河日系-自产-小胸逆袭-店铺行为-ROI-3.17,被计划暂停,审核通过,通投,商品7日总下单ROI,笔记（商品组件）,67cfffe6000000001201c782,5c6e75ba000000001201be11,图文笔记,"6789e97112147e00159ab60d,6789ec0af1397f0015ee89f0",商销通投托管-星河日系-自产-小胸逆袭-店铺行为-ROI-3.17,106552708,2025-03-17 11:28:34,0.00,0,0,0.0%,0.0,0.0,0,0.00,0.0,0,0,0.0,0,0,0.0,0,0.0,0,0.0,0,0.0,0,0.0,0,0.0,0,0.0,0,0.0,0,0.0,0,0.0,0.00,0.0,0,0,0
1132566317,商销通投托管-经典大胸-自产-又瘦又有型-服饰上新-ROI-3.17,被计划暂停,不满足审核条件,通投,商品7日总下单ROI,笔记（商品组件）,67cff5f700000000090140d0,5c6e75ba000000001201be11,图文笔记,6789edbc2b5554001514e8f8,商销通投托管-经典大胸-自产-又瘦又有型-服饰上新-ROI-3.17,106536022,2025-03-17 11:27:29,0.00,0,0,0.0%,0.0,0.0,0,0.00,0.0,0,0,0.0,0,0,0.0,0,0.0,0,0.0,0,0.0,0,0.0,0,0.0,0,0.0,0,0.0,0,0.0,0,0.0,0.00,0.0,0,0,0
1132392459,商销通投托管-经典大胸-自产-又瘦又有型-高级感穿搭-ROI-3.17,被计划暂停,不满足审核条件,通投,商品7日总下单ROI,笔记（商品组件）,67cff5f700000000090140d0,5c6e75ba000000001201be11,图文笔记,6789edbc2b5554001514e8f8,商销通投托管-经典大胸-自产-又瘦又有型-高级感穿搭-ROI-3.17,106546902,2025-03-17 11:27:07,0.00,0,0,0.0%,0.0,0.0,0,0.00,0.0,0,0,0.0,0,0,0.0,0,0.0,0,0.0,0,0.0,0,0.0,0,0.0,0,0.0,0,0.0,0,0.0,0,0.0,0.00,0.0,0,0,0
1120078705,商销通投托管-糯糯杯大胸-自产-大胸微胖-品牌人群-ROI-3.14,被计划暂停,审核通过,通投,商品7日总下单ROI,笔记（商品组件）,67d15b0e000000001201dfbc,5c6e75ba000000001201be11,图文笔记,6789edff6dd9a600157bdae8,商销通投托管-糯糯杯大胸-自产-大胸微胖-品牌人群-ROI-3.14,106176617,2025-03-14 14:09:18,0.00,0,0,0.0%,0.0,0.0,0,0.00,0.0,0,0,0.0,0,0,0.0,0,0.0,0,0.0,0,0.0,0,0.0,0,0.0,0,0.0,0,0.0,0,0.0,0,0.0,0.00,0.0,0,0,0
1120020960,商销通投托管-经典大胸-自产-又瘦又有型-店铺行为-ROI-3.14,被计划暂停,审核通过,通投,商品7日总下单ROI,笔记（商品组件）,67cff5f700000000090140d0,5c6e75ba000000001201be11,图文笔记,6789edbc2b5554001514e8f8,商销通投托管-经典大胸-自产-又瘦又有型-店铺行为-ROI-3.14,106187598,2025-03-14 14:07:52,0.00,0,0,0.0%,0.0,0.0,0,0.00,0.0,0,0,0.0,0,0,0.0,0,0.0,0,0.0,0,0.0,0,0.0,0,0.0,0,0.0,0,0.0,0,0.0,0,0.0,0.00,0.0,0,0,0
1109910337,商销通投托管-星河日系-自产-浅春-品牌人群-ROI-3.12,被计划暂停,审核通过,通投,商品7日总下单ROI,笔记（商品组件）,67d0022f000000000603ce87,5c6e75ba000000001201be11,图文笔记,"6789ec0af1397f0015ee89f0,6789e97112147e00159ab60d",商销通投托管-星河日系-自产-浅春-品牌人群-ROI-3.12,105835324,2025-03-12 14:10:38,0.00,0,0,0.0%,0.0,0.0,0,0.00,0.0,0,0,0.0,0,0,0.0,0,0.0,0,0.0,0,0.0,0,0.0,0,0.0,0,0.0,0,0.0,0,0.0,0,0.0,0.00,0.0,0,0,0
1109982036,商销通投托管-星河日系-自产-小胸逆袭-品牌人群-ROI-3.12,被计划暂停,审核通过,通投,商品7日总下单ROI,笔记（商品组件）,67cfffe6000000001201c782,5c6e75ba000000001201be11,图文笔记,"6789ec0af1397f0015ee89f0,6789e97112147e00159ab60d",商销通投托管-星河日系-自产-小胸逆袭-品牌人群-ROI-3.12,105842266,2025-03-12 14:10:10,0.00,0,0,0.0%,0.0,0.0,0,0.00,0.0,0,0,0.0,0,0,0.0,0,0.0,0,0.0,0,0.0,0,0.0,0,0.0,0,0.0,0,0.0,0,0.0,0,0.0,0.00,0.0,0,0,0
1109850353,商销通投托管-经典大胸-自产-又瘦又有型-品牌人群-ROI-3.12,被计划暂停,不满足审核条件,通投,商品7日总下单ROI,笔记（商品组件）,67cff5f700000000090140d0,5c6e75ba000000001201be11,图文笔记,6789edbc2b5554001514e8f8,商销通投托管-经典大胸-自产-又瘦又有型-品牌人群-ROI-3.12,105842228,2025-03-12 14:09:33,0.00,0,0,0.0%,0.0,0.0,0,0.00,0.0,0,0,0.0,0,0,0.0,0,0.0,0,0.0,0,0.0,0,0.0,0,0.0,0,0.0,0,0.0,0,0.0,0,0.0,0.00,0.0,0,0,0
1096241528,商销通投托管-糯糯杯大胸-自产-大胸显瘦-38大促-ROI-3.9,被计划暂停,不满足审核条件,通投,商品7日总下单ROI,笔记（商品组件）,67c166ae000000000903b4ad,5c6e75ba000000001201be11,图文笔记,6789edff6dd9a600157bdae8,商销通投托管-糯糯杯大胸-自产-大胸显瘦-38大促-ROI-3.9,105355316,2025-03-09 19:10:52,0.00,0,0,0.0%,0.0,0.0,0,0.00,0.0,0,0,0.0,0,0,0.0,0,0.0,0,0.0,0,0.0,0,0.0,0,0.0,0,0.0,0,0.0,0,0.0,0,0.0,0.00,0.0,0,0,0
1096166113,商销通投托管-经典大胸-自产-显瘦神器-38大促-ROI-3.9,被计划暂停,不满足审核条件,通投,商品7日总下单ROI,笔记（商品组件）,67c16251000000000d01580e,5c6e75ba000000001201be11,图文笔记,6789edbc2b5554001514e8f8,商销通投托管-经典大胸-自产-显瘦神器-38大促-ROI-3.9,105368056,2025-03-09 19:10:15,0.00,0,0,0.0%,0.0,0.0,0,0.00,0.0,0,0,0.0,0,0,0.0,0,0.0,0,0.0,0,0.0,0,0.0,0,0.0,0,0.0,0,0.0,0,0.0,0,0.0,0.00,0.0,0,0,0
1081902339,商销新客通投托管-糯糯杯大胸-自产-大胸显瘦-品牌人群-ROI-3.6,暂停,审核拒绝,通投,商品7日总下单ROI,笔记（商品组件）,67c166ae000000000903b4ad,5c6e75ba000000001201be11,图文笔记,6789edff6dd9a600157bdae8,商销新客通投托管-糯糯杯大胸-自产-大胸显瘦-品牌人群-ROI-3.6,104881116,2025-03-06 16:00:25,0.00,0,0,0.0%,0.0,0.0,0,0.00,0.0,0,0,0.0,0,0,0.0,0,0.0,0,0.0,0,0.0,0,0.0,0,0.0,0,0.0,0,0.0,0,0.0,0,0.0,0.00,0.0,0,0,0
1081829549,商销通投手动-糯糯杯大胸-自产-大胸显瘦-品牌人群-ROI-3.6,暂停,审核拒绝,通投,商品7日总下单ROI,笔记（商品组件）,67c166ae000000000903b4ad,5c6e75ba000000001201be11,图文笔记,6789edff6dd9a600157bdae8,商销通投手动-糯糯杯大胸-自产-大胸显瘦-品牌人群-ROI-3.6,104886974,2025-03-06 15:57:58,0.00,0,0,0.0%,0.0,0.0,0,0.00,0.0,0,0,0.0,0,0,0.0,0,0.0,0,0.0,0,0.0,0,0.0,0,0.0,0,0.0,0,0.0,0,0.0,0,0.0,0.00,0.0,0,0,0
1081032260,商销通投托管-糯糯杯大胸-自产-大胸显瘦-店铺行为-ROI-3.6,暂停,审核拒绝,通投,商品7日总下单ROI,笔记（商品组件）,67c166ae000000000903b4ad,5c6e75ba000000001201be11,图文笔记,6789edff6dd9a600157bdae8,商销通投托管-糯糯杯大胸-自产-大胸显瘦-店铺行为-ROI-3.6,104882015,2025-03-06 13:50:03,0.00,0,0,0.0%,0.0,0.0,0,0.00,0.0,0,0,0.0,0,0,0.0,0,0.0,0,0.0,0,0.0,0,0.0,0,0.0,0,0.0,0,0.0,0,0.0,0,0.0,0.00,0.0,0,0,0
1080196110,商销通投托管-糯糯杯大胸-自产-大胸显瘦-核心-ROI-3.6,暂停,审核拒绝,通投,商品7日总下单ROI,笔记（商品组件）,67c166ae000000000903b4ad,5c6e75ba000000001201be11,图文笔记,6789edff6dd9a600157bdae8,商销通投托管-糯糯杯大胸-自产-大胸显瘦-核心-ROI-3.6,104847314,2025-03-06 11:06:19,0.00,0,0,0.0%,0.0,0.0,0,0.00,0.0,0,0,0.0,0,0,0.0,0,0.0,0,0.0,0,0.0,0,0.0,0,0.0,0,0.0,0,0.0,0,0.0,0,0.0,0.00,0.0,0,0,0
1080195411,商销通投托管-经典大胸-自产-显瘦神器-核心-ROI-3.6,暂停,不满足审核条件,通投,商品7日总下单ROI,笔记（商品组件）,67c16251000000000d01580e,5c6e75ba000000001201be11,图文笔记,6789edbc2b5554001514e8f8,商销通投托管-经典大胸-自产-显瘦神器-核心-ROI-3.6,104847244,2025-03-06 11:04:59,0.00,0,0,0.0%,0.0,0.0,0,0.00,0.0,0,0,0.0,0,0,0.0,0,0.0,0,0.0,0,0.0,0,0.0,0,0.0,0,0.0,0,0.0,0,0.0,0,0.0,0.00,0.0,0,0,0
1071171103,商销通投托管-糯糯杯大胸-自产-大胸显瘦-品牌私域-ROI-3.4,暂停,审核拒绝,通投,商品7日总下单ROI,笔记（商品组件）,67c166ae000000000903b4ad,5c6e75ba000000001201be11,图文笔记,6789edff6dd9a600157bdae8,商销通投托管-多品-自产-赛马-品牌私域-ROI-3.4,104519017,2025-03-04 14:55:58,0.00,0,0,0.0%,0.0,0.0,0,0.00,0.0,0,0,0.0,0,0,0.0,0,0.0,0,0.0,0,0.0,0,0.0,0,0.0,0,0.0,0,0.0,0,0.0,0,0.0,0.00,0.0,0,0,0
1071171102,商销通投托管-经典大胸-自产-显瘦神器-品牌私域-ROI-3.4,暂停,不满足审核条件,通投,商品7日总下单ROI,笔记（商品组件）,67c16251000000000d01580e,5c6e75ba000000001201be11,图文笔记,6789edbc2b5554001514e8f8,商销通投托管-多品-自产-赛马-品牌私域-ROI-3.4,104519017,2025-03-04 14:55:58,0.00,0,0,0.0%,0.0,0.0,0,0.00,0.0,0,0,0.0,0,0,0.0,0,0.0,0,0.0,0,0.0,0,0.0,0,0.0,0,0.0,0,0.0,0,0.0,0,0.0,0.00,0.0,0,0,0
1070912549,商销搜索托管-经典大胸-自产-显瘦神器-系统-ROI-3.4,暂停,不满足审核条件,搜索,商品7日总下单ROI,笔记（商品组件）,67c16251000000000d01580e,5c6e75ba000000001201be11,图文笔记,6789edbc2b5554001514e8f8,商销搜索托管-经典大胸-自产-显瘦神器-系统-ROI-3.4,104536282,2025-03-04 14:49:02,0.00,0,0,0.0%,0.0,0.0,0,0.00,0.0,0,0,0.0,0,0,0.0,0,0.0,0,0.0,0,0.0,0,0.0,0,0.0,0,0.0,0,0.0,0,0.0,0,0.0,0.00,0.0,0,0,0
1070970526,商销搜索托管-糯糯杯大胸-自产-大胸显瘦-系统-ROI-3.4,暂停,审核拒绝,搜索,商品7日总下单ROI,笔记（商品组件）,67c166ae000000000903b4ad,5c6e75ba000000001201be11,图文笔记,6789edff6dd9a600157bdae8,商销搜索托管-糯糯杯大胸-自产-大胸显瘦-系统-ROI-3.4,104512829,2025-03-04 14:48:09,0.00,0,0,0.0%,0.0,0.0,0,0.00,0.0,0,0,0.0,0,0,0.0,0,0.0,0,0.0,0,0.0,0,0.0,0,0.0,0,0.0,0,0.0,0,0.0,0,0.0,0.00,0.0,0,0,0
1069292478,商销通投托管-糯糯杯大胸-自产-大胸显瘦-品牌人群-ROI-3.4,被计划暂停,审核拒绝,通投,商品7日总下单ROI,笔记（商品组件）,67c166ae000000000903b4ad,5c6e75ba000000001201be11,图文笔记,6789edff6dd9a600157bdae8,商销通投托管-糯糯杯大胸-自产-大胸显瘦-品牌人群-ROI-3.4,104465874,2025-03-04 10:08:50,0.00,0,0,0.0%,0.0,0.0,0,0.00,0.0,0,0,0.0,0,0,0.0,0,0.0,0,0.0,0,0.0,0,0.0,0,0.0,0,0.0,0,0.0,0,0.0,0,0.0,0.00,0.0,0,0,0
1061236183,商销通投托管-经典大胸-自产-显瘦神器-店铺行为-ROI-3.2,被计划暂停,不满足审核条件,通投,商品7日总下单ROI,笔记（商品组件）,67c16251000000000d01580e,5c6e75ba000000001201be11,图文笔记,6789edbc2b5554001514e8f8,商销通投托管-经典大胸-自产-显瘦神器-店铺行为-ROI-3.2,104195955,2025-03-02 13:50:14,0.00,0,0,0.0%,0.0,0.0,0,0.00,0.0,0,0,0.0,0,0,0.0,0,0.0,0,0.0,0,0.0,0,0.0,0,0.0,0,0.0,0,0.0,0,0.0,0,0.0,0.00,0.0,0,0,0
1061340195,商销通投托管-经典大胸-自产-显瘦神器-品牌人群-ROI-3.2,被计划暂停,不满足审核条件,通投,商品7日总下单ROI,笔记（商品组件）,67c16251000000000d01580e,5c6e75ba000000001201be11,图文笔记,6789edbc2b5554001514e8f8,商销通投托管-经典大胸-自产-显瘦神器-品牌人群-ROI-3.2,104183754,2025-03-02 13:28:59,0.00,0,0,0.0%,0.0,0.0,0,0.00,0.0,0,0,0.0,0,0,0.0,0,0.0,0,0.0,0,0.0,0,0.0,0,0.0,0,0.0,0,0.0,0,0.0,0,0.0,0.00,0.0,0,0,0
1059027928,商销通投托管-糯糯杯大胸-自产-大胸显瘦-系统-ROI-3.1,暂停,审核拒绝,通投,商品7日总下单ROI,笔记（商品组件）,67c166ae000000000903b4ad,5c6e75ba000000001201be11,图文笔记,6789edff6dd9a600157bdae8,商销通投托管-糯糯杯大胸-自产-大胸显瘦-系统-ROI-3.1,104131105,2025-03-01 21:11:35,0.00,0,0,0.0%,0.0,0.0,0,0.00,0.0,0,0,0.0,0,0,0.0,0,0.0,0,0.0,0,0.0,0,0.0,0,0.0,0,0.0,0,0.0,0,0.0,0,0.0,0.00,0.0,0,0,0
1058735057,商销通投托管-经典大胸-自产-显瘦神器-系统-ROI-3.1,暂停,不满足审核条件,通投,商品7日总下单ROI,笔记（商品组件）,67c16251000000000d01580e,5c6e75ba000000001201be11,图文笔记,6789edbc2b5554001514e8f8,商销通投托管-经典大胸-自产-显瘦神器-系统-ROI-3.1,104107630,2025-03-01 21:09:36,0.00,0,0,0.0%,0.0,0.0,0,0.00,0.0,0,0,0.0,0,0,0.0,0,0.0,0,0.0,0,0.0,0,0.0,0,0.0,0,0.0,0,0.0,0,0.0,0,0.0,0.00,0.0,0,0,0
1053294497,商销通投托管-合集-官-断货王-系统-ROI-2.28,暂停,审核拒绝,通投,商品7日总下单ROI,笔记（商品组件）,665eb8b000000000060045c4,5c6e75ba000000001201be11,视频笔记,"6789edff6dd9a600157bdae8,6789ee3c20e47e0015e24e73",商销通投托管-合集-官-赛马-系统-ROI-2.28,103944412,2025-02-28 15:20:43,0.00,0,0,0.0%,0.0,0.0,0,0.00,0.0,0,0,0.0,0,0,0.0,0,0.0,0,0.0,0,0.0,0,0.0,0,0.0,0,0.0,0,0.0,0,0.0,0,0.0,0.00,0.0,0,0,0
1053294496,商销通投托管-合集-官-相见恨晚-系统-ROI-2.28,被计划暂停,审核通过,通投,商品7日总下单ROI,笔记（商品组件）,66681b5e000000000d00c288,5c6e75ba000000001201be11,视频笔记,"6789edff6dd9a600157bdae8,6789ee3c20e47e0015e24e73",商销通投托管-合集-官-赛马-系统-ROI-2.28,103944412,2025-02-28 15:20:43,0.00,0,0,0.0%,0.0,0.0,0,0.00,0.0,0,0,0.0,0,0,0.0,0,0.0,0,0.0,0,0.0,0,0.0,0,0.0,0,0.0,0,0.0,0,0.0,0,0.0,0.00,0.0,0,0,0
