笔记ID,笔记标题,笔记链接,笔记简称,笔记内容方向,笔记场景,笔记来源,产品
68d493750000000011015e69,,,,,,混剪二创视频,
68d34e3b000000000b0133f9,,,,,,混剪二创视频,
68d34b31000000001101d18f,,,,,,混剪二创视频,
68ef735c000000000501007f,,,,,,图文,
68f04e1a00000000050313fc,大胸姐妹看过来 别再说找不到舒适内衣了！,https://www.xiaohongshu.com/explore/68f04e1a00000000050313fc?xsec_token=WBNv1SN2KpdhEy2y1x-C_nAgswBP-vltd20xfJbKox2pE=&xsec_source=pc_wind_export,别再说,救星杯,救星杯,原创视频,救星杯
68f0c3210000000005039fde,,,,,,混剪二创视频,
68f1e4ac0000000004013a71,,,,,,原创视频,
68f5e403000000000500241a,,,,,,原创视频,
68f5ee9300000000040131e3,外扩下垂有救了！大胸姐妹无限回购的神器！,https://www.xiaohongshu.com/explore/68f5ee9300000000040131e3?xsec_token=WBeoNwWoGnkVyzyxnuGKbggCAIdX7RsdziJBbqlNbY2kw=&xsec_source=pc_wind_export,下垂,救星杯,救星杯,原创视频,救星杯
68f75223000000000503ba7a,,,,,,原创视频,
68fb116b000000000401519a,,,,,,混剪二创视频,
68ff37520000000004004d20,,,,,,混剪二创视频,
68ff39c90000000005031ced,穿上就不想脱！秋冬时髦舒适感无痕内衣！,https://www.xiaohongshu.com/explore/68ff39c90000000005031ced?xsec_token=WBV7w81AA0juNGZViGkly_oXWSFOiyRDmJOurk3n__SjA=&xsec_source=pc_wind_export,无痕内衣,猫耳杯,猫耳杯,混剪二创视频,猫耳杯
6900614200000000040030bf,,,,,,混剪二创视频,
6901abd20000000004029d2f,,,,,,混剪二创视频,
690d485500000000040106b6,穿搭显瘦又舒服，小美同款内衣太懂大胸了！,https://www.xiaohongshu.com/explore/690d485500000000040106b6?xsec_token=WBEx0N5y1gIzF6klrVSwaAZTbuf0QEYnVQ4Rjj2oRkprA=&xsec_source=pc_wind_export,显瘦又舒服,波波杯,波波杯,混剪二创视频,波波杯
690d69ea0000000004011437,,,,,,混剪二创视频,
690dbde0000000000402319f,美依礼芽选的内衣？华歌尔直播间福利速抢！,https://www.xiaohongshu.com/explore/690dbde0000000000402319f?xsec_token=WBEx0N5y1gIzF6klrVSwaAZWsFx4mHF6pzXe_UeeTUGdc=&xsec_source=pc_wind_export,福利速抢,直播笔记,直播笔记,混剪二创视频,直播笔记
690dc37c000000000400187b,微胖大??显小内衣 显瘦一圈的内衣！！,https://www.xiaohongshu.com/explore/690dc37c000000000400187b?xsec_token=WBEx0N5y1gIzF6klrVSwaAZSnYnE7-HW3DiyWHIt4kx1k=&xsec_source=pc_wind_export,秋冬舒适无痕,小懒猫,小懒猫,混剪二创视频,小懒猫
69152dac0000000005039afc,大胸上身不显胖！波波杯兔耳显薄绝了,https://www.xiaohongshu.com/explore/69152dac0000000005039afc?xsec_token=WBPYjcvOklXxXX9oj_BRQxKZphzuRviAnzIcNd2UlcAWg=&xsec_source=pc_wind_export,秋冬不显胖,波波杯,波波杯,混剪二创视频,波波杯
69153d860000000004022c73,,,,,,混剪二创视频,
69167d7300000000050106e6,,,,,,混剪二创视频,
691534e10000000005012e0d,,,,,,混剪二创视频,
6920106b000000001f008922,,,,,,混剪直播切片,
6920155e000000001e022502,,,,,,混剪直播切片,
69201945000000001e0272d1,,,,,,混剪直播切片,
69201e4c000000001e036b06,,,,,,混剪直播切片,
69203a0d000000001e02cd40,美依礼芽同款内衣 属于秋冬的长期主义内衣,https://www.xiaohongshu.com/explore/69203a0d000000001e02cd40?xsec_token=WBsLx2v_qa47Ng6mujFhK3gHEvIhzRXI3-fCnhkGLXuEw=&xsec_source=pc_wind_export,长期主义内衣,波波杯,波波杯,混剪直播切片,波波杯
692e52b8000000001f00afb0,,,,,,图文,
69363253000000001e023232,,,,,,图文,
69364779000000001e02d173,大胸姐妹舒适区 穿一次就爱上的纸片人内衣,https://www.xiaohongshu.com/explore/69364779000000001e02d173?xsec_token=WBZ_yKJ2f0XBodaC32JS2hCM0r9SLkbz-nFnLm663-Hhg=&xsec_source=pc_wind_export,纸片人内衣,波波杯,波波杯,图文,波波杯
69364a14000000001f00f323,,,,,,混剪二创视频,
693b6911000000001e03abda,,,,,,图文,
693bbd1d000000001f00d4cd,,,,,,图文,
693bdab6000000001e039f41,上身秒变蜜桃圆圆胸！好看又好穿！,https://www.xiaohongshu.com/explore/693bdab6000000001e039f41?xsec_token=WBjm_Vk_OLy4Vv6Y3gbf5UarliCy-OSHD-FUNmmBPH2D4=&xsec_source=pc_wind_export,上身秒变,救星杯,救星杯,图文,救星杯
694110f8000000001f0052a2,,,,,,混剪二创视频,
694216aa000000001e03ab64,,,,,,混剪二创视频,
694df71e000000001f0057aa,,,,,,原创视频,
68baab7f000000001c008463,,,,,,混剪二创视频,
68baac83000000001c03207a,,,,,,混剪二创视频,
68bab09c000000001b033b38,,,,,,混剪二创视频,
68bab37b000000001b03f2e1,,,,,,混剪二创视频,
68c3d8a3000000001b01e2e6,,,,,,混剪二创视频,
68c3d96f000000001c00cad2,,,,,,混剪二创视频,
68c3ca57000000001b0206f3,,,,,,混剪二创视频,
68c3caf3000000001c030b0b,,,,,,混剪二创视频,
68c91f43000000001003d681,,,,,,混剪二创视频,
68c923bb000000000e021931,,,,,,混剪二创视频,
68cba18f00000000110169d8,,,,,,混剪二创视频,
68ccac860000000011017183,秋冬内衣不将就，穿衣显瘦就选它！,https://www.xiaohongshu.com/explore/68ccac860000000011017183?xsec_token=WBzTegn_rZQUrYmYy6UlSg0ZLU6eyN2EtUV7bCHt9vUKE=&xsec_source=pc_wind_export,初秋,糯糯杯大胸,糯糯杯大胸,混剪二创视频,糯糯杯大胸
68cca8a3000000001101d93c,,,,,,混剪二创视频,
68ccebec000000000e0336a1,,,,,,图文,
68cd1550000000000e00da02,,,,,,混剪二创视频,
68cd0fb0000000000e026ef1,,,,,,混剪二创视频,
68cd11160000000011015813,,,,,,混剪二创视频,
68ccaad3000000000b03c341,,,,,,混剪二创视频,
68d0f18e000000001101dccf,秋冬显瘦不臃肿，这款内衣太懂大胸！,https://www.xiaohongshu.com/explore/68d0f18e000000001101dccf?xsec_token=WBNVJnAdMyKzDY1rQNiGN3kwNiM-T3SqiKkkdwo6LVQAw=&xsec_source=pc_wind_export,真的显瘦,经典大胸,经典大胸,混剪二创视频,经典大胸
696a021e000000001a02fd16,,,,,,混剪二创视频,
696ee395000000001a02aa4a,大胸姐妹看过来！纸片人的秘?就靠它~,https://www.xiaohongshu.com/explore/696ee395000000001a02aa4a?xsec_token=WBT0HwS63IcE9McZzWgWnhhQFoqRjI22yZyVplFhI9u6I=&xsec_source=pc_wind_export,就靠它,经典大胸,经典大胸,混剪二创视频,经典大胸
6971a091000000001a02d168,谁说大胸就必须在「舒适」与「显瘦」中选择,https://www.xiaohongshu.com/explore/6971a091000000001a02d168?xsec_token=WBK5UzaV2TSqyVD1hx8ON_dnBl3jPjqyroFfC9fJA-SgY=&xsec_source=pc_wind_export,谁说大胸,经典大胸,经典大胸,混剪二创视频,经典大胸
6971eeec000000001a026b20,大胸天菜内衣，舒适高颜值～,https://www.xiaohongshu.com/explore/6971eeec000000001a026b20?xsec_token=WBK5UzaV2TSqyVD1hx8ON_do_8KiftSCom4WbSDE06kX4=&xsec_source=pc_wind_export,舒适高颜值,经典大胸,经典大胸,混剪二创视频,经典大胸
68649afc000000002400dd0a,,,,,,图文,
68833ca5000000002201cfca,,,,,,原创视频,
6887219a000000001c0323c3,,,,,,原创视频,
688b3eee000000002302b792,,,,,,图文,
689ab0cb000000002203968e,,,,,,混剪二创视频,
689b0a13000000001c0075bc,,,,,,混剪二创视频,
689b0905000000001c00c551,,,,,,混剪二创视频,
689be04a000000001c033aff,,,,,,混剪二创视频,
68a66e31000000001b03cc98,,,,,,原创视频,
69315bcd000000001e032c5f,,,,,,图文,
686cbb5200000000220330fb,,,,,,原创视频,
686cbd16000000002400dc0b,,,,,,原创视频,
687a1cca000000002203f44e,,,,,,原创视频,
687a1db9000000001c030fd3,,,,,,原创视频,
6881cbf0000000002001a9c3,,,,,,原创视频,
6881cd2d000000001d00c011,,,,,,原创视频,
689061cc0000000023036800,,,,,,原创视频,
68905fe1000000002302ee3d,,,,,,原创视频,
68919d82000000002303639e,,,,,,原创视频,
689d7c9b000000001c012acf,“邪修“大胸内衣，薄到隐形还防凸舒适,https://www.xiaohongshu.com/explore/689d7c9b000000001c012acf?xsec_token=WBK6DaQKnYMziIqRKneMY5JzHB5WyRplvyzNZVfR1a1gQ=&xsec_source=pc_wind_export,邪修,轻挺系列,轻挺系列,原创视频,轻挺系列
68a284b0000000001c00c79b,,,,,,原创视频,
68a6d660000000001c007fea,,,,,,原创视频,
68a6e618000000001b03e956,,,,,,原创视频,
68a833b0000000001c00a3d2,,,,,,原创视频,
68a837e1000000001b01effb,,,,,,原创视频,
68ad2a33000000001b034540,,,,,,原创视频,
68b79585000000001c012388,救命！轻薄还能托起大胸的内衣谁懂啊！,https://www.xiaohongshu.com/explore/68b79585000000001c012388?xsec_token=WBq0ytPHj6a__1VuPvYgbGVHR6StyJSBgFbFug3lBpSwc=&xsec_source=pc_wind_export,托起,轻挺系列,轻挺系列,原创视频,轻挺系列
68b7967c000000001b02375b,,,,,,混剪二创视频,
68b9425d000000001c009266,,,,,,原创视频,
695b7ef8000000001a02e8e5,,,,,,原创视频,
695c5fc9000000001a02bf49,,,,,,原创视频,
69859fa7000000002801c091,,,,,,原创视频-视频组,
6985a2ca000000001a031605,穿衣不臃肿！大胸女生必备的显薄内衣,https://www.xiaohongshu.com/explore/6985a2ca000000001a031605?xsec_token=WB6Nw7IgKJ5BpM1Bn93ysQElF_bKZedWpp3kryxRzECVA=&xsec_source=pc_wind_export,穿衣不臃肿,救星杯,救星杯,混剪二创视频,救星杯
6985bacc000000001a029758,告别臃肿??大胸也能穿的精致蕾丝内衣,https://www.xiaohongshu.com/explore/6985bacc000000001a029758?xsec_token=WB6Nw7IgKJ5BpM1Bn93ysQElFPCcyKnJEfw9nLW6B5y_M=&xsec_source=pc_wind_export,告别臃肿,经典大胸,经典大胸,原创视频-视频组,经典大胸
698d8e8a000000001a02d51a,喷不了一点…简直是为大胸姐妹量身定制！,https://www.xiaohongshu.com/explore/698d8e8a000000001a02d51a?xsec_token=WBgICI-OlyArD9V5VwGEvrNv3YpB11ZmXiwHHR1aW7G08=&xsec_source=pc_wind_export,喷不了一点,波波杯,波波杯,原创视频,波波杯
698d9110000000000e00e7e4,大胸穿上嘎嘎显瘦的内衣！拒绝臃肿！,https://www.xiaohongshu.com/explore/698d9110000000000e00e7e4?xsec_token=WBgICI-OlyArD9V5VwGEvrNtScosLCgI8RB3fMi9v5PoE=&xsec_source=pc_wind_export,嘎嘎显瘦,经典大胸,经典大胸,原创视频,经典大胸
698f1049000000002801d12a,直接小一圈！大胸显小神器来了，谁穿谁瘦,https://www.xiaohongshu.com/explore/698f1049000000002801d12a?xsec_token=WBVcRItpGfRBuNs_a28JOGPsgbFp25vRg-VVgzEW6fohQ=&xsec_source=pc_wind_export,直接小一圈,经典大胸,经典大胸,原创视频-视频组,经典大胸
698fdc43000000001a0285fe,大胸别乱买！这件内衣显瘦又藏肉,https://www.xiaohongshu.com/explore/698fdc43000000001a0285fe?xsec_token=WBVcRItpGfRBuNs_a28JOGPsL_ZZwD9cf-pM30CAjYwLM=&xsec_source=pc_wind_export,大胸别乱买,经典大胸,经典大胸,原创视频,经典大胸
698f0ec7000000001a02088c,大胸穿上嘎嘎显瘦的内衣！拒绝秋冬臃肿！,https://www.xiaohongshu.com/explore/698f0ec7000000001a02088c?xsec_token=WBVcRItpGfRBuNs_a28JOGPgD6xbbyJ7xdAAv9gxB7imQ=&xsec_source=pc_wind_export,大胸穿上,波波杯,波波杯,原创视频,波波杯
69a92330000000000e00df32,美依礼芽同款！大胸回购的空气感春夏内衣,https://www.xiaohongshu.com/explore/69a92330000000000e00df32?xsec_token=WBBRFxySz_Fj-0uscG7Ga9XbLeKv7zJTx6iyBM6Qqz9-M=&xsec_source=pc_wind_export,空气感春夏,救星杯,救星杯,混剪二创视频,救星杯
69a926c4000000000e00ef23,小美好会选！大胸虎背熊腰秒变纤薄利落！,https://www.xiaohongshu.com/explore/69a926c4000000000e00ef23?xsec_token=WBBRFxySz_Fj-0uscG7Ga9XZi9opUJ7XCaLgOk7HXqdbM=&xsec_source=pc_wind_export,纤薄利落,波波杯,波波杯,混剪二创视频,波波杯
69aaa199000000000e00e650,春夏穿衣不藏肉？华歌尔大胸内衣显瘦?,https://www.xiaohongshu.com/explore/69aaa199000000000e00e650?xsec_token=WBCKLpdEz0Bq7mTN9Zojk8crbY0OSRKbo95AZOGLW7sKI=&xsec_source=pc_wind_export,春夏穿衣,经典大胸,经典大胸,混剪二创视频,经典大胸
69b36e5800000000040030bd,大胸女生必备的显瘦内衣！,https://www.xiaohongshu.com/explore/69b36e5800000000040030bd?xsec_token=WBfAN2z9MOC88A2cx_VFWVgNhY_r2qKFyke7nEwoWW7H0=&xsec_source=pc_wind_export,显瘦内衣,波波杯,波波杯,,波波杯
69b372650000000004000168,求求别停产！春夏显瘦大胸内衣只服它,https://www.xiaohongshu.com/explore/69b372650000000004000168?xsec_token=WBfAN2z9MOC88A2cx_VFWVgJ4DCIGSCcoebL93OZohtV4=&xsec_source=pc_wind_export,只服它,经典大胸,经典大胸,,经典大胸
69b3c573000000002301ff82,跪谢美依礼芽 大胸终于能和内衣焦虑说拜拜,https://www.xiaohongshu.com/explore/69b3c573000000002301ff82?xsec_token=WBfAN2z9MOC88A2cx_VFWVgMKk4wO-JyGTP8e-V1NAIvY=&xsec_source=pc_wind_export,跪谢美依礼芽,救星杯,救星杯,,救星杯
69bbc10c00000000230060e4,又显瘦又有型！大胸天菜bra穿出蜜桃胸！,https://www.xiaohongshu.com/explore/69bbc10c00000000230060e4?xsec_token=WBAUA9qs8Oj7CXL_GWhaYCupNZJ40DJhefVFiXr6A2MfA=&xsec_source=pc_wind_export,穿出蜜桃胸,救星杯,救星杯,,救星杯
69bcacb2000000001f007455,小美同款bra！大胸天菜显瘦透气内衣！,https://www.xiaohongshu.com/explore/69bcacb2000000001f007455?xsec_token=WBb8SASHpjFZZIGchYnwGglgH1WAyJ5k-iCjNgP8SPGZ8=&xsec_source=pc_wind_export,大胸天菜,波波杯,波波杯,,波波杯
69bce985000000002102f0ac,小胸春夏内衣刚需！不硬挤也能拥有圆润胸型,https://www.xiaohongshu.com/explore/69bce985000000002102f0ac?xsec_token=WBb8SASHpjFZZIGchYnwGglttSOWfbryDSC0yJRLs1u04=&xsec_source=pc_wind_export,不硬挤,糯糯杯小胸,糯糯杯小胸,,糯糯杯小胸
699d19cc000000000a03e694,??窝在沙发的温暖午后,https://www.xiaohongshu.com/explore/699d19cc000000000a03e694?xsec_token=WBlpUutV5DMAT_Sz9Qnwr7Z8LzQtP5_c4A7YrDbHrU7N8=&xsec_source=pc_wind_export,KikoWong,绵绵云朵,绵绵云朵,,绵绵云朵
69c4f796000000002800b278,美依礼芽爆款蕾丝内衣！大胸姐妹闭眼冲！,https://www.xiaohongshu.com/explore/69c4f796000000002800b278?xsec_token=WBqYNUvhzqLnWZ3lNMjbzAYtHv8ggJW5CaaJZWAZpLAuE=&xsec_source=pc_wind_export,美依礼芽爆款,波波杯,波波杯,,波波杯
69c4f54c000000001f0053d8,跟着小美穿真的显瘦！大胸女孩内衣来了,https://www.xiaohongshu.com/explore/69c4f54c000000001f0053d8?xsec_token=WBqYNUvhzqLnWZ3lNMjbzAYmaPU8qWfRJrAcOXio6kJLY=&xsec_source=pc_wind_export,跟着小美穿,救星杯,救星杯,,救星杯
69ce165b000000001f004761,美依礼芽同款！大胸回购的空气感春夏内衣,https://www.xiaohongshu.com/explore/69ce165b000000001f004761?xsec_token=WB6tTdQFs6N6IHcMCCCa0AUCMylWotS6u2FOlCJjBvpkE=&xsec_source=pc_wind_export,空气感春夏（广）,救星杯,救星杯,,救星杯
69cf1a140000000028009b6e,告别大胸穿搭内耗，这件内衣太懂了,https://www.xiaohongshu.com/explore/69cf1a140000000028009b6e?xsec_token=WBqtLn4u2j0_feEYLjtDY8x6vVZI-0b2ldCvy0KXa4yqk=&xsec_source=pc_wind_export,内衣太懂了,救星杯,救星杯,,救星杯
69cf313b000000002301760d,,,,,,,
69dc839e00000000210136b7,大胸姐妹都去冲！这件显小内衣夯爆了！??,https://www.xiaohongshu.com/explore/69dc839e00000000210136b7?xsec_token=WBvPVyX_JzOAz1efm7FoblIlZ_BiTFc8dez1oesXZU75k=&xsec_source=pc_wind_export,夯爆了（广）,救星杯,救星杯,,救星杯
69dc875d000000002301e647,,,,,,,
69ddb4dd000000001b002b1f,不知道??微胖大胸的天菜内衣真的很曼妙～,https://www.xiaohongshu.com/explore/69ddb4dd000000001b002b1f?xsec_token=WBYJnj5i3FYdsstQr9XhU3YARXiU7Zz7XpDppldmMHujs=&xsec_source=pc_wind_export,"很曼妙（广）,很曼妙",波波杯,波波杯,,波波杯
69e086b40000000022003598,给到一个夯！大胸舒适又显瘦的内衣??,https://www.xiaohongshu.com/explore/69e086b40000000022003598?xsec_token=WBV3yzfhkOvKzb_eQH8EVIK0oLsrYH_RYu9o7w7jhOzxs=&xsec_source=pc_wind_export,给到一个夯（广）,救星杯,救星杯,,救星杯
69e0a58c000000001e00e633,美依礼芽同款！大胸穿一次就爱上的内衣,https://www.xiaohongshu.com/explore/69e0a58c000000001e00e633?xsec_token=WBV3yzfhkOvKzb_eQH8EVIK3zYFTRAHKhvSE-wUQQEicU=&xsec_source=pc_wind_export,就爱上,小时光,小时光,,小时光
69e207b2000000001e00c96a,聚拢又隐形的粉底液内衣！华歌尔太卷了！,https://www.xiaohongshu.com/explore/69e207b2000000001e00c96a?xsec_token=WBGQILgCOq8iwbbdfKxBvLCUN4ZTiYeuPRqglAFg91p3Q=&xsec_source=pc_wind_export,聚拢又隐形,粉底液,粉底液,,粉底液
69e598ca000000001f005abd,美依礼芽同款！大胸穿一次就爱上的内衣,https://www.xiaohongshu.com/explore/69e598ca000000001f005abd?xsec_token=WBfVIynUudkjIYahDYMrxxtTKP3YAJ_B7zDmFdvSkumlo=&xsec_source=pc_wind_export,就爱上,小时光,小时光,,小时光
69e9763d0000000023015063,,,,,,,
69e97d110000000023024c7e,,,,,,,
69e9ba0000000000230076d3,大胸夏日蕾丝内衣?穿出矜贵优雅感,https://www.xiaohongshu.com/explore/69e9ba0000000000230076d3?xsec_token=WB1-Rg5ujDR8tyahg27a1xkG8fRbzIHhvN7CFav0xYFuo=&xsec_source=pc_wind_export,优雅感,波波杯,波波杯,,波波杯
69eae508000000001f00153c,穿白T=透视装?那是你没遇见“隐形内衣”！,https://www.xiaohongshu.com/explore/69eae508000000001f00153c?xsec_token=WBbguD31OqJ8U2-iNGFiGNZL8v6CgCZe4qm2moHRUkQXA=&xsec_source=pc_wind_export,穿白T,粉底液,粉底液,,粉底液
69eb19ac0000000022024a80,,,,,,,
,,,,,,,
,,,,,,,
,,,,,,,
,,,,,,,
,,,,,,,
,,,,,,,
,,,,,,,
,,,,,,,
,,,,,,,
,,,,,,,
,,,,,,,
,,,,,,,
,,,,,,,
,,,,,,,
,,,,,,,
,,,,,,,
,,,,,,,
,,,,,,,
,,,,,,,
,,,,,,,
,,,,,,,
,,,,,,,
,,,,,,,
,,,,,,,
,,,,,,,
,,,,,,,
,,,,,,,
,,,,,,,
,,,,,,,
,,,,,,,
,,,,,,,
,,,,,,,
,,,,,,,
,,,,,,,
,,,,,,,
,,,,,,,
,,,,,,,
,,,,,,,
,,,,,,,
,,,,,,,
,,,,,,,
,,,,,,,
,,,,,,,
,,,,,,,
,,,,,,,
,,,,,,,
,,,,,,,
,,,,,,,
,,,,,,,
,,,,,,,
,,,,,,,
,,,,,,,
,,,,,,,
,,,,,,,
,,,,,,,
,,,,,,,
,,,,,,,
,,,,,,,
,,,,,,,
,,,,,,,
,,,,,,,
,,,,,,,
,,,,,,,
,,,,,,,
,,,,,,,
,,,,,,,
,,,,,,,
,,,,,,,
,,,,,,,
,,,,,,,
,,,,,,,
,,,,,,,
,,,,,,,
,,,,,,,
,,,,,,,
,,,,,,,
,,,,,,,
,,,,,,,
,,,,,,,
,,,,,,,
,,,,,,,
,,,,,,,
,,,,,,,
,,,,,,,
,,,,,,,
,,,,,,,
,,,,,,,
,,,,,,,
,,,,,,,
,,,,,,,
,,,,,,,
,,,,,,,
,,,,,,,
,,,,,,,
,,,,,,,
,,,,,,,
,,,,,,,
,,,,,,,
,,,,,,,
,,,,,,,
,,,,,,,
,,,,,,,
,,,,,,,
,,,,,,,
,,,,,,,
,,,,,,,
,,,,,,,
,,,,,,,
,,,,,,,
,,,,,,,
,,,,,,,
,,,,,,,
,,,,,,,
,,,,,,,
,,,,,,,
,,,,,,,
,,,,,,,
,,,,,,,
,,,,,,,
,,,,,,,
,,,,,,,
,,,,,,,
,,,,,,,
,,,,,,,
,,,,,,,
,,,,,,,
,,,,,,,
,,,,,,,
,,,,,,,
,,,,,,,
,,,,,,,
,,,,,,,
,,,,,,,
,,,,,,,
,,,,,,,
,,,,,,,
,,,,,,,
,,,,,,,
,,,,,,,
,,,,,,,
,,,,,,,
,,,,,,,
,,,,,,,
,,,,,,,
,,,,,,,
,,,,,,,
,,,,,,,
,,,,,,,
,,,,,,,
,,,,,,,
,,,,,,,
,,,,,,,
,,,,,,,
,,,,,,,
,,,,,,,
,,,,,,,
,,,,,,,
,,,,,,,
,,,,,,,
,,,,,,,
,,,,,,,
,,,,,,,
,,,,,,,
,,,,,,,
,,,,,,,
,,,,,,,
,,,,,,,
,,,,,,,
,,,,,,,
,,,,,,,
,,,,,,,
,,,,,,,
,,,,,,,
,,,,,,,
,,,,,,,
,,,,,,,
,,,,,,,
,,,,,,,
,,,,,,,
,,,,,,,
,,,,,,,
,,,,,,,
,,,,,,,
,,,,,,,
,,,,,,,
,,,,,,,
,,,,,,,
,,,,,,,
,,,,,,,
,,,,,,,
,,,,,,,
,,,,,,,
,,,,,,,
,,,,,,,
,,,,,,,
,,,,,,,
,,,,,,,
,,,,,,,
,,,,,,,
,,,,,,,
,,,,,,,
,,,,,,,
,,,,,,,
,,,,,,,
,,,,,,,
,,,,,,,
,,,,,,,
,,,,,,,
,,,,,,,
,,,,,,,
,,,,,,,
,,,,,,,
,,,,,,,
,,,,,,,
,,,,,,,
,,,,,,,
,,,,,,,
,,,,,,,
,,,,,,,
,,,,,,,
,,,,,,,
,,,,,,,
,,,,,,,
,,,,,,,
,,,,,,,
,,,,,,,
,,,,,,,
,,,,,,,
,,,,,,,
,,,,,,,
,,,,,,,
,,,,,,,
,,,,,,,
,,,,,,,
,,,,,,,
,,,,,,,
,,,,,,,
,,,,,,,
,,,,,,,
,,,,,,,
,,,,,,,
,,,,,,,
,,,,,,,
,,,,,,,
,,,,,,,
,,,,,,,
,,,,,,,
,,,,,,,
,,,,,,,
,,,,,,,
,,,,,,,
,,,,,,,
,,,,,,,
,,,,,,,
,,,,,,,
,,,,,,,
,,,,,,,
,,,,,,,
,,,,,,,
,,,,,,,
,,,,,,,
,,,,,,,
,,,,,,,
,,,,,,,
,,,,,,,
,,,,,,,
,,,,,,,
,,,,,,,
,,,,,,,
,,,,,,,
,,,,,,,
,,,,,,,
,,,,,,,
,,,,,,,
,,,,,,,
,,,,,,,
,,,,,,,
,,,,,,,
,,,,,,,
,,,,,,,
,,,,,,,
,,,,,,,
,,,,,,,
,,,,,,,
,,,,,,,
,,,,,,,
,,,,,,,
,,,,,,,
,,,,,,,
,,,,,,,
,,,,,,,
,,,,,,,
,,,,,,,
,,,,,,,
,,,,,,,
,,,,,,,
,,,,,,,
,,,,,,,
,,,,,,,
,,,,,,,
,,,,,,,
,,,,,,,
,,,,,,,
,,,,,,,
,,,,,,,
,,,,,,,
,,,,,,,
,,,,,,,
,,,,,,,
,,,,,,,
,,,,,,,
,,,,,,,
,,,,,,,
,,,,,,,
,,,,,,,
,,,,,,,
,,,,,,,
,,,,,,,
,,,,,,,
,,,,,,,
,,,,,,,
,,,,,,,
,,,,,,,
,,,,,,,
,,,,,,,
,,,,,,,
,,,,,,,
,,,,,,,
,,,,,,,
,,,,,,,
,,,,,,,
,,,,,,,
,,,,,,,
,,,,,,,
,,,,,,,
,,,,,,,
,,,,,,,
,,,,,,,
,,,,,,,
,,,,,,,
,,,,,,,
,,,,,,,
,,,,,,,
,,,,,,,
,,,,,,,
,,,,,,,
,,,,,,,
,,,,,,,
,,,,,,,
,,,,,,,
,,,,,,,
,,,,,,,
,,,,,,,
,,,,,,,
,,,,,,,
,,,,,,,
,,,,,,,
,,,,,,,
,,,,,,,
,,,,,,,
,,,,,,,
,,,,,,,
,,,,,,,
,,,,,,,
,,,,,,,
,,,,,,,
,,,,,,,
,,,,,,,
,,,,,,,
,,,,,,,
,,,,,,,
,,,,,,,
,,,,,,,
,,,,,,,
,,,,,,,
,,,,,,,
,,,,,,,
,,,,,,,
,,,,,,,
,,,,,,,
,,,,,,,
,,,,,,,
,,,,,,,
,,,,,,,
,,,,,,,
,,,,,,,
,,,,,,,
,,,,,,,
,,,,,,,
,,,,,,,
,,,,,,,
,,,,,,,
,,,,,,,
,,,,,,,
,,,,,,,
,,,,,,,
,,,,,,,
,,,,,,,
,,,,,,,
,,,,,,,
,,,,,,,
,,,,,,,
,,,,,,,
,,,,,,,
,,,,,,,
,,,,,,,
,,,,,,,
,,,,,,,
,,,,,,,
,,,,,,,
,,,,,,,
,,,,,,,
,,,,,,,
,,,,,,,
,,,,,,,
,,,,,,,
,,,,,,,
,,,,,,,
,,,,,,,
,,,,,,,
,,,,,,,
,,,,,,,
,,,,,,,
,,,,,,,
,,,,,,,
,,,,,,,
,,,,,,,
,,,,,,,
,,,,,,,
,,,,,,,
,,,,,,,
,,,,,,,
,,,,,,,
,,,,,,,
,,,,,,,
,,,,,,,
,,,,,,,
,,,,,,,
,,,,,,,
,,,,,,,
,,,,,,,
,,,,,,,
,,,,,,,
,,,,,,,
,,,,,,,
,,,,,,,
,,,,,,,
,,,,,,,
,,,,,,,
,,,,,,,
,,,,,,,
,,,,,,,
,,,,,,,
,,,,,,,
,,,,,,,
,,,,,,,
,,,,,,,
,,,,,,,
,,,,,,,
,,,,,,,
,,,,,,,
,,,,,,,
,,,,,,,
,,,,,,,
,,,,,,,
,,,,,,,
,,,,,,,
,,,,,,,
,,,,,,,
,,,,,,,
,,,,,,,
,,,,,,,
,,,,,,,
,,,,,,,
,,,,,,,
,,,,,,,
,,,,,,,
,,,,,,,
,,,,,,,
,,,,,,,
,,,,,,,
,,,,,,,
,,,,,,,
,,,,,,,
,,,,,,,
,,,,,,,
,,,,,,,
,,,,,,,
,,,,,,,
,,,,,,,
,,,,,,,
,,,,,,,
,,,,,,,
,,,,,,,
,,,,,,,
,,,,,,,
,,,,,,,
,,,,,,,
,,,,,,,
,,,,,,,
,,,,,,,
,,,,,,,
,,,,,,,
,,,,,,,
,,,,,,,
,,,,,,,
,,,,,,,
,,,,,,,
,,,,,,,
,,,,,,,
,,,,,,,
,,,,,,,
,,,,,,,
,,,,,,,
,,,,,,,
,,,,,,,
,,,,,,,
,,,,,,,
,,,,,,,
,,,,,,,
,,,,,,,
,,,,,,,
,,,,,,,
,,,,,,,
,,,,,,,
,,,,,,,
,,,,,,,
,,,,,,,
,,,,,,,
,,,,,,,
,,,,,,,
,,,,,,,
,,,,,,,
,,,,,,,
,,,,,,,
,,,,,,,
,,,,,,,
,,,,,,,
,,,,,,,
,,,,,,,
,,,,,,,
,,,,,,,
,,,,,,,
,,,,,,,
,,,,,,,
,,,,,,,
,,,,,,,
,,,,,,,
,,,,,,,
,,,,,,,
,,,,,,,
,,,,,,,
,,,,,,,
,,,,,,,
,,,,,,,
,,,,,,,
,,,,,,,
,,,,,,,
,,,,,,,
,,,,,,,
,,,,,,,
,,,,,,,
,,,,,,,
,,,,,,,
,,,,,,,
,,,,,,,
,,,,,,,
,,,,,,,
,,,,,,,
,,,,,,,
,,,,,,,
,,,,,,,
,,,,,,,
,,,,,,,
,,,,,,,
,,,,,,,
,,,,,,,
,,,,,,,
,,,,,,,
,,,,,,,
,,,,,,,
,,,,,,,
,,,,,,,
,,,,,,,
,,,,,,,
,,,,,,,
,,,,,,,
,,,,,,,
,,,,,,,
,,,,,,,
,,,,,,,
,,,,,,,
,,,,,,,
,,,,,,,
,,,,,,,
,,,,,,,
,,,,,,,
,,,,,,,
,,,,,,,
,,,,,,,
,,,,,,,
,,,,,,,
,,,,,,,
,,,,,,,
,,,,,,,
,,,,,,,
,,,,,,,
,,,,,,,
,,,,,,,
,,,,,,,
,,,,,,,
,,,,,,,
,,,,,,,
,,,,,,,
,,,,,,,
,,,,,,,
,,,,,,,
,,,,,,,
,,,,,,,
,,,,,,,
,,,,,,,
,,,,,,,
,,,,,,,
,,,,,,,
,,,,,,,
,,,,,,,
,,,,,,,
,,,,,,,
,,,,,,,
,,,,,,,
,,,,,,,
,,,,,,,
,,,,,,,
,,,,,,,
,,,,,,,
,,,,,,,
,,,,,,,
,,,,,,,
,,,,,,,
,,,,,,,
,,,,,,,
,,,,,,,
,,,,,,,
,,,,,,,
,,,,,,,
,,,,,,,
,,,,,,,
,,,,,,,
,,,,,,,
,,,,,,,
,,,,,,,
,,,,,,,
,,,,,,,
,,,,,,,
,,,,,,,
,,,,,,,
,,,,,,,
,,,,,,,
,,,,,,,
,,,,,,,
,,,,,,,
,,,,,,,
,,,,,,,
,,,,,,,
,,,,,,,
,,,,,,,
,,,,,,,
,,,,,,,
,,,,,,,
,,,,,,,
,,,,,,,
,,,,,,,
,,,,,,,
,,,,,,,
,,,,,,,
,,,,,,,
,,,,,,,
,,,,,,,
,,,,,,,
,,,,,,,
,,,,,,,
,,,,,,,
,,,,,,,
,,,,,,,
,,,,,,,
,,,,,,,
,,,,,,,
,,,,,,,
,,,,,,,
,,,,,,,
,,,,,,,
,,,,,,,
,,,,,,,
,,,,,,,
,,,,,,,
,,,,,,,
,,,,,,,
,,,,,,,
,,,,,,,
,,,,,,,
,,,,,,,
,,,,,,,
,,,,,,,
,,,,,,,
,,,,,,,
,,,,,,,
,,,,,,,
,,,,,,,
,,,,,,,
,,,,,,,
,,,,,,,
,,,,,,,
,,,,,,,
,,,,,,,
,,,,,,,
,,,,,,,
,,,,,,,
,,,,,,,
,,,,,,,
,,,,,,,
,,,,,,,
,,,,,,,
,,,,,,,
,,,,,,,
,,,,,,,
,,,,,,,
,,,,,,,
,,,,,,,
,,,,,,,
,,,,,,,
,,,,,,,
,,,,,,,
,,,,,,,
,,,,,,,
,,,,,,,
,,,,,,,
,,,,,,,
,,,,,,,
,,,,,,,
,,,,,,,
,,,,,,,
,,,,,,,
,,,,,,,
,,,,,,,
